[2026-09-07 19:38:07] ﻿﻿Error Logging Enabled.
[2026-09-07 19:38:07] Terraria Server v1.4.5.8
[2026-09-07 19:38:07] 
[2026-09-07 19:38:07] Resetting game objects 1%
[2026-09-07 19:38:07] Resetting game objects 2%
[2026-09-07 19:38:07] Resetting game objects 3%
[2026-09-07 19:38:07] Resetting game objects 4%
[2026-09-07 19:38:07] Resetting game objects 5%
[2026-09-07 19:38:07] Resetting game objects 6%
[2026-09-07 19:38:07] Resetting game objects 7%
[2026-09-07 19:38:07] Resetting game objects 8%
[2026-09-07 19:38:07] Resetting game objects 9%
[2026-09-07 19:38:07] Resetting game objects 10%
[2026-09-07 19:38:07] Resetting game objects 11%
[2026-09-07 19:38:07] Resetting game objects 12%
[2026-09-07 19:38:07] Resetting game objects 13%
[2026-09-07 19:38:07] Resetting game objects 14%
[2026-09-07 19:38:07] Resetting game objects 15%
[2026-09-07 19:38:07] Resetting game objects 16%
[2026-09-07 19:38:07] Resetting game objects 17%
[2026-09-07 19:38:07] Resetting game objects 18%
[2026-09-07 19:38:07] Resetting game objects 19%
[2026-09-07 19:38:07] Resetting game objects 20%
[2026-09-07 19:38:07] Resetting game objects 21%
[2026-09-07 19:38:07] Resetting game objects 22%
[2026-09-07 19:38:07] Resetting game objects 23%
[2026-09-07 19:38:07] Resetting game objects 24%
[2026-09-07 19:38:07] Resetting game objects 25%
[2026-09-07 19:38:07] Resetting game objects 26%
[2026-09-07 19:38:07] Resetting game objects 27%
[2026-09-07 19:38:07] Resetting game objects 28%
[2026-09-07 19:38:07] Resetting game objects 29%
[2026-09-07 19:38:07] Resetting game objects 30%
[2026-09-07 19:38:07] Resetting game objects 31%
[2026-09-07 19:38:07] Resetting game objects 32%
[2026-09-07 19:38:07] Resetting game objects 33%
[2026-09-07 19:38:07] Resetting game objects 34%
[2026-09-07 19:38:07] Resetting game objects 35%
[2026-09-07 19:38:07] Resetting game objects 36%
[2026-09-07 19:38:07] Resetting game objects 37%
[2026-09-07 19:38:07] Resetting game objects 38%
[2026-09-07 19:38:07] Resetting game objects 39%
[2026-09-07 19:38:07] Resetting game objects 40%
[2026-09-07 19:38:07] Resetting game objects 41%
[2026-09-07 19:38:07] Resetting game objects 42%
[2026-09-07 19:38:07] Resetting game objects 43%
[2026-09-07 19:38:07] Resetting game objects 44%
[2026-09-07 19:38:07] Resetting game objects 45%
[2026-09-07 19:38:07] Resetting game objects 46%
[2026-09-07 19:38:07] Resetting game objects 47%
[2026-09-07 19:38:07] Resetting game objects 48%
[2026-09-07 19:38:07] Resetting game objects 49%
[2026-09-07 19:38:07] Resetting game objects 50%
[2026-09-07 19:38:07] Resetting game objects 51%
[2026-09-07 19:38:07] Resetting game objects 52%
[2026-09-07 19:38:07] Resetting game objects 53%
[2026-09-07 19:38:07] Resetting game objects 54%
[2026-09-07 19:38:07] Resetting game objects 55%
[2026-09-07 19:38:07] Resetting game objects 56%
[2026-09-07 19:38:07] Resetting game objects 57%
[2026-09-07 19:38:07] Resetting game objects 58%
[2026-09-07 19:38:07] Resetting game objects 59%
[2026-09-07 19:38:07] Resetting game objects 60%
[2026-09-07 19:38:07] Resetting game objects 61%
[2026-09-07 19:38:07] Resetting game objects 62%
[2026-09-07 19:38:07] Resetting game objects 63%
[2026-09-07 19:38:07] Resetting game objects 64%
[2026-09-07 19:38:07] Resetting game objects 65%
[2026-09-07 19:38:07] Resetting game objects 66%
[2026-09-07 19:38:07] Resetting game objects 67%
[2026-09-07 19:38:07] Resetting game objects 68%
[2026-09-07 19:38:07] Resetting game objects 69%
[2026-09-07 19:38:07] Resetting game objects 70%
[2026-09-07 19:38:07] Resetting game objects 71%
[2026-09-07 19:38:07] Resetting game objects 72%
[2026-09-07 19:38:07] Resetting game objects 73%
[2026-09-07 19:38:07] Resetting game objects 74%
[2026-09-07 19:38:07] Resetting game objects 75%
[2026-09-07 19:38:07] Resetting game objects 76%
[2026-09-07 19:38:07] Resetting game objects 77%
[2026-09-07 19:38:07] Resetting game objects 78%
[2026-09-07 19:38:07] Resetting game objects 79%
[2026-09-07 19:38:07] Resetting game objects 80%
[2026-09-07 19:38:07] Resetting game objects 81%
[2026-09-07 19:38:07] Resetting game objects 82%
[2026-09-07 19:38:07] Resetting game objects 83%
[2026-09-07 19:38:07] Resetting game objects 84%
[2026-09-07 19:38:07] Resetting game objects 85%
[2026-09-07 19:38:07] Resetting game objects 86%
[2026-09-07 19:38:07] Resetting game objects 87%
[2026-09-07 19:38:07] Resetting game objects 88%
[2026-09-07 19:38:07] Resetting game objects 89%
[2026-09-07 19:38:07] Resetting game objects 90%
[2026-09-07 19:38:07] Resetting game objects 91%
[2026-09-07 19:38:07] Resetting game objects 92%
[2026-09-07 19:38:07] Resetting game objects 93%
[2026-09-07 19:38:07] Resetting game objects 94%
[2026-09-07 19:38:07] Resetting game objects 95%
[2026-09-07 19:38:07] Resetting game objects 96%
[2026-09-07 19:38:07] Resetting game objects 97%
[2026-09-07 19:38:07] Resetting game objects 98%
[2026-09-07 19:38:07] Resetting game objects 99%
[2026-09-07 19:38:07] Resetting game objects 100%
[2026-09-07 19:38:07] Loading world data: 1%
[2026-09-07 19:38:07] Loading world data: 2%
[2026-09-07 19:38:07] Loading world data: 3%
[2026-09-07 19:38:07] Loading world data: 4%
[2026-09-07 19:38:07] Loading world data: 5%
[2026-09-07 19:38:07] Loading world data: 6%
[2026-09-07 19:38:07] Loading world data: 7%
[2026-09-07 19:38:07] Loading world data: 8%
[2026-09-07 19:38:07] Loading world data: 9%
[2026-09-07 19:38:07] Loading world data: 10%
[2026-09-07 19:38:07] Loading world data: 11%
[2026-09-07 19:38:07] Loading world data: 12%
[2026-09-07 19:38:07] Loading world data: 13%
[2026-09-07 19:38:07] Loading world data: 14%
[2026-09-07 19:38:07] Loading world data: 15%
[2026-09-07 19:38:07] Loading world data: 16%
[2026-09-07 19:38:07] Loading world data: 17%
[2026-09-07 19:38:07] Loading world data: 18%
[2026-09-07 19:38:07] Loading world data: 19%
[2026-09-07 19:38:07] Loading world data: 20%
[2026-09-07 19:38:07] Loading world data: 21%
[2026-09-07 19:38:07] Loading world data: 22%
[2026-09-07 19:38:07] Loading world data: 23%
[2026-09-07 19:38:07] Loading world data: 24%
[2026-09-07 19:38:07] Loading world data: 25%
[2026-09-07 19:38:07] Loading world data: 26%
[2026-09-07 19:38:07] Loading world data: 27%
[2026-09-07 19:38:07] Loading world data: 28%
[2026-09-07 19:38:07] Loading world data: 29%
[2026-09-07 19:38:07] Loading world data: 30%
[2026-09-07 19:38:07] Loading world data: 31%
[2026-09-07 19:38:07] Loading world data: 32%
[2026-09-07 19:38:07] Loading world data: 33%
[2026-09-07 19:38:07] Loading world data: 34%
[2026-09-07 19:38:07] Loading world data: 35%
[2026-09-07 19:38:07] Loading world data: 36%
[2026-09-07 19:38:07] Loading world data: 37%
[2026-09-07 19:38:07] Loading world data: 38%
[2026-09-07 19:38:07] Loading world data: 39%
[2026-09-07 19:38:07] Loading world data: 40%
[2026-09-07 19:38:07] Loading world data: 41%
[2026-09-07 19:38:07] Loading world data: 42%
[2026-09-07 19:38:07] Loading world data: 43%
[2026-09-07 19:38:07] Loading world data: 44%
[2026-09-07 19:38:07] Loading world data: 45%
[2026-09-07 19:38:07] Loading world data: 46%
[2026-09-07 19:38:07] Loading world data: 47%
[2026-09-07 19:38:07] Loading world data: 48%
[2026-09-07 19:38:07] Loading world data: 49%
[2026-09-07 19:38:07] Loading world data: 50%
[2026-09-07 19:38:07] Loading world data: 51%
[2026-09-07 19:38:07] Loading world data: 52%
[2026-09-07 19:38:07] Loading world data: 53%
[2026-09-07 19:38:07] Loading world data: 54%
[2026-09-07 19:38:07] Loading world data: 55%
[2026-09-07 19:38:07] Loading world data: 56%
[2026-09-07 19:38:07] Loading world data: 57%
[2026-09-07 19:38:07] Loading world data: 58%
[2026-09-07 19:38:07] Loading world data: 59%
[2026-09-07 19:38:07] Loading world data: 60%
[2026-09-07 19:38:07] Loading world data: 61%
[2026-09-07 19:38:07] Loading world data: 62%
[2026-09-07 19:38:07] Loading world data: 63%
[2026-09-07 19:38:07] Loading world data: 64%
[2026-09-07 19:38:07] Loading world data: 65%
[2026-09-07 19:38:07] Loading world data: 66%
[2026-09-07 19:38:07] Loading world data: 67%
[2026-09-07 19:38:07] Loading world data: 68%
[2026-09-07 19:38:07] Loading world data: 69%
[2026-09-07 19:38:07] Loading world data: 70%
[2026-09-07 19:38:07] Loading world data: 71%
[2026-09-07 19:38:07] Loading world data: 72%
[2026-09-07 19:38:07] Loading world data: 73%
[2026-09-07 19:38:07] Loading world data: 74%
[2026-09-07 19:38:07] Loading world data: 75%
[2026-09-07 19:38:07] Loading world data: 76%
[2026-09-07 19:38:07] Loading world data: 77%
[2026-09-07 19:38:07] Loading world data: 78%
[2026-09-07 19:38:07] Loading world data: 79%
[2026-09-07 19:38:07] Loading world data: 80%
[2026-09-07 19:38:07] Loading world data: 81%
[2026-09-07 19:38:07] Loading world data: 82%
[2026-09-07 19:38:07] Loading world data: 83%
[2026-09-07 19:38:07] Loading world data: 84%
[2026-09-07 19:38:07] Loading world data: 85%
[2026-09-07 19:38:07] Loading world data: 86%
[2026-09-07 19:38:07] Loading world data: 87%
[2026-09-07 19:38:07] Loading world data: 88%
[2026-09-07 19:38:07] Loading world data: 89%
[2026-09-07 19:38:07] Loading world data: 90%
[2026-09-07 19:38:07] Loading world data: 91%
[2026-09-07 19:38:07] Loading world data: 92%
[2026-09-07 19:38:07] Loading world data: 93%
[2026-09-07 19:38:07] Loading world data: 94%
[2026-09-07 19:38:07] Loading world data: 95%
[2026-09-07 19:38:07] Loading world data: 96%
[2026-09-07 19:38:07] Loading world data: 97%
[2026-09-07 19:38:07] Loading world data: 98%
[2026-09-07 19:38:07] Loading world data: 99%
[2026-09-07 19:38:07] Loading world data: 100%
[2026-09-07 19:38:07] Settling liquids 1%
[2026-09-07 19:38:07] Settling liquids 2%
[2026-09-07 19:38:07] Settling liquids 3%
[2026-09-07 19:38:07] Settling liquids 4%
[2026-09-07 19:38:07] Settling liquids 5%
[2026-09-07 19:38:07] Settling liquids 6%
[2026-09-07 19:38:07] Settling liquids 7%
[2026-09-07 19:38:07] Settling liquids 8%
[2026-09-07 19:38:07] Settling liquids 9%
[2026-09-07 19:38:07] Settling liquids 10%
[2026-09-07 19:38:07] Settling liquids 11%
[2026-09-07 19:38:07] Settling liquids 12%
[2026-09-07 19:38:07] Settling liquids 13%
[2026-09-07 19:38:07] Settling liquids 14%
[2026-09-07 19:38:07] Settling liquids 15%
[2026-09-07 19:38:07] Settling liquids 16%
[2026-09-07 19:38:07] Settling liquids 17%
[2026-09-07 19:38:07] Settling liquids 18%
[2026-09-07 19:38:07] Settling liquids 19%
[2026-09-07 19:38:07] Settling liquids 20%
[2026-09-07 19:38:07] Settling liquids 21%
[2026-09-07 19:38:07] Settling liquids 22%
[2026-09-07 19:38:07] Settling liquids 23%
[2026-09-07 19:38:07] Settling liquids 24%
[2026-09-07 19:38:07] Settling liquids 25%
[2026-09-07 19:38:07] Settling liquids 26%
[2026-09-07 19:38:07] Settling liquids 27%
[2026-09-07 19:38:07] Settling liquids 28%
[2026-09-07 19:38:07] Settling liquids 29%
[2026-09-07 19:38:07] Settling liquids 30%
[2026-09-07 19:38:07] Settling liquids 31%
[2026-09-07 19:38:07] Settling liquids 32%
[2026-09-07 19:38:07] Settling liquids 33%
[2026-09-07 19:38:07] Settling liquids 34%
[2026-09-07 19:38:07] Settling liquids 35%
[2026-09-07 19:38:07] Settling liquids 36%
[2026-09-07 19:38:07] Settling liquids 37%
[2026-09-07 19:38:07] Settling liquids 38%
[2026-09-07 19:38:07] Settling liquids 39%
[2026-09-07 19:38:07] Settling liquids 40%
[2026-09-07 19:38:07] Settling liquids 41%
[2026-09-07 19:38:07] Settling liquids 42%
[2026-09-07 19:38:07] Settling liquids 43%
[2026-09-07 19:38:07] Settling liquids 44%
[2026-09-07 19:38:07] Settling liquids 45%
[2026-09-07 19:38:07] Settling liquids 46%
[2026-09-07 19:38:07] Settling liquids 47%
[2026-09-07 19:38:07] Settling liquids 48%
[2026-09-07 19:38:07] Settling liquids 49%
[2026-09-07 19:38:07] Settling liquids 50%
[2026-09-07 19:38:07] Terraria Server v1.4.5.8
[2026-09-07 19:38:07] 
[2026-09-07 19:38:07] Listening on port 7777
[2026-09-07 19:38:07] Type 'help' for a list of commands.
[2026-09-07 19:38:07] 
[2026-09-07 19:38:07] : Server started
[2026-09-07 19:38:07] 127.190.221.119:52727 is connecting...
[2026-09-07 19:38:07] mavis has joined.
[2026-09-07 19:38:07] 127.190.221.119:34553 is connecting...
[2026-09-07 19:38:07] Sakagi_Ri has joined.
[2026-09-07 19:38:07] Saving world data: 1%
[2026-09-07 19:38:07] Saving world data: 5%
[2026-09-07 19:38:07] Saving world data: 9%
[2026-09-07 19:38:07] Saving world data: 14%
[2026-09-07 19:38:07] Saving world data: 18%
[2026-09-07 19:38:07] Saving world data: 22%
[2026-09-07 19:38:07] Saving world data: 27%
[2026-09-07 19:38:07] Saving world data: 31%
[2026-09-07 19:38:07] Saving world data: 35%
[2026-09-07 19:38:07] Saving world data: 39%
[2026-09-07 19:38:07] Saving world data: 43%
[2026-09-07 19:38:07] Saving world data: 47%
[2026-09-07 19:38:07] Saving world data: 51%
[2026-09-07 19:38:07] Saving world data: 52%
[2026-09-07 19:38:07] Saving world data: 55%
[2026-09-07 19:38:07] Saving world data: 59%
[2026-09-07 19:38:07] Saving world data: 63%
[2026-09-07 19:38:07] Saving world data: 67%
[2026-09-07 19:38:07] Saving world data: 71%
[2026-09-07 19:38:07] Saving world data: 75%
[2026-09-07 19:38:07] Saving world data: 79%
[2026-09-07 19:38:07] Saving world data: 82%
[2026-09-07 19:38:07] Saving world data: 86%
[2026-09-07 19:38:07] Saving world data: 90%
[2026-09-07 19:38:07] Saving world data: 94%
[2026-09-07 19:38:07] Saving world data: 98%
[2026-09-07 19:38:07] Saving world data: 100%
[2026-09-07 19:38:07] Validating world save: 13%
[2026-09-07 19:38:07] Validating world save: 32%
[2026-09-07 19:38:07] Validating world save: 45%
[2026-09-07 19:38:07] Validating world save: 62%
[2026-09-07 19:38:07] Validating world save: 77%
[2026-09-07 19:38:07] Validating world save: 90%
[2026-09-07 19:38:07] Backing up world file
[2026-09-07 19:38:07] Saving world data: 5%
[2026-09-07 19:38:07] Saving world data: 9%
[2026-09-07 19:38:07] Saving world data: 12%
[2026-09-07 19:38:07] Saving world data: 16%
[2026-09-07 19:38:07] Saving world data: 20%
[2026-09-07 19:38:07] Saving world data: 24%
[2026-09-07 19:38:07] Saving world data: 27%
[2026-09-07 19:38:07] Saving world data: 31%
[2026-09-07 19:38:07] Saving world data: 34%
[2026-09-07 19:38:07] Saving world data: 38%
[2026-09-07 19:38:07] Saving world data: 41%
[2026-09-07 19:38:07] Saving world data: 44%
[2026-09-07 19:38:07] Saving world data: 48%
[2026-09-07 19:38:07] Saving world data: 51%
[2026-09-07 19:38:07] Saving world data: 55%
[2026-09-07 19:38:07] Saving world data: 59%
[2026-09-07 19:38:07] Saving world data: 62%
[2026-09-07 19:38:07] Saving world data: 65%
[2026-09-07 19:38:07] Saving world data: 69%
[2026-09-07 19:38:07] Saving world data: 72%
[2026-09-07 19:38:07] Saving world data: 76%
[2026-09-07 19:38:07] Saving world data: 79%
[2026-09-07 19:38:07] Saving world data: 82%
[2026-09-07 19:38:07] Saving world data: 86%
[2026-09-07 19:38:07] Saving world data: 89%
[2026-09-07 19:38:07] Saving world data: 93%
[2026-09-07 19:38:07] Saving world data: 96%
[2026-09-07 19:38:07] Saving world data: 99%
[2026-09-07 19:38:07] Saving world data: 100%
[2026-09-07 19:38:07] Validating world save: 4%
[2026-09-07 19:38:07] Validating world save: 21%
[2026-09-07 19:38:07] Validating world save: 37%
[2026-09-07 19:38:07] Validating world save: 46%
[2026-09-07 19:38:07] Validating world save: 57%
[2026-09-07 19:38:07] Validating world save: 73%
[2026-09-07 19:38:07] Validating world save: 87%
[2026-09-07 19:38:07] Backing up world file
[2026-09-07 19:38:07] Sakagi_Ri has left.
[2026-09-07 19:38:07] 127.190.221.119:57791 is connecting...
[2026-09-07 19:38:07] Sakagi_Ri has joined.
[2026-09-07 19:38:07] 127.232.132.6:49839 is connecting...
[2026-09-07 19:38:07] Brown has joined.
[2026-09-07 19:38:07] Saving world data: 5%
[2026-09-07 19:38:07] Saving world data: 8%
[2026-09-07 19:38:07] Saving world data: 12%
[2026-09-07 19:38:07] Saving world data: 16%
[2026-09-07 19:38:07] Saving world data: 20%
[2026-09-07 19:38:07] Saving world data: 23%
[2026-09-07 19:38:07] Saving world data: 27%
[2026-09-07 19:38:07] Saving world data: 31%
[2026-09-07 19:38:07] Saving world data: 34%
[2026-09-07 19:38:07] Saving world data: 38%
[2026-09-07 19:38:07] Saving world data: 41%
[2026-09-07 19:38:07] Saving world data: 44%
[2026-09-07 19:38:07] Saving world data: 48%
[2026-09-07 19:38:07] Saving world data: 52%
[2026-09-07 19:38:07] Saving world data: 55%
[2026-09-07 19:38:07] Saving world data: 59%
[2026-09-07 19:38:07] Saving world data: 62%
[2026-09-07 19:38:07] Saving world data: 65%
[2026-09-07 19:38:07] Saving world data: 69%
[2026-09-07 19:38:07] Saving world data: 72%
[2026-09-07 19:38:07] Saving world data: 76%
[2026-09-07 19:38:07] Saving world data: 79%
[2026-09-07 19:38:07] Saving world data: 83%
[2026-09-07 19:38:07] Saving world data: 86%
[2026-09-07 19:38:07] Saving world data: 90%
[2026-09-07 19:38:07] Saving world data: 93%
[2026-09-07 19:38:07] Saving world data: 97%
[2026-09-07 19:38:07] Saving world data: 100%
[2026-09-07 19:38:07] Validating world save: 8%
[2026-09-07 19:38:07] Validating world save: 25%
[2026-09-07 19:38:07] Validating world save: 40%
[2026-09-07 19:38:07] Validating world save: 53%
[2026-09-07 19:38:07] Validating world save: 67%
[2026-09-07 19:38:07] Validating world save: 80%
[2026-09-07 19:38:07] Validating world save: 96%
[2026-09-07 19:38:07] Backing up world file
[2026-09-07 19:38:07] Brown has left.
[2026-09-07 19:38:07] 127.232.132.6:53963 is connecting...
[2026-09-07 19:38:07] Brown has joined.
[2026-09-07 19:38:07] Saving world data: 4%
[2026-09-07 19:38:07] Saving world data: 8%
[2026-09-07 19:38:07] Saving world data: 11%
[2026-09-07 19:38:07] Saving world data: 15%
[2026-09-07 19:38:07] Saving world data: 18%
[2026-09-07 19:38:07] Saving world data: 22%
[2026-09-07 19:38:07] Saving world data: 25%
[2026-09-07 19:38:07] Saving world data: 29%
[2026-09-07 19:38:07] Saving world data: 33%
[2026-09-07 19:38:07] Saving world data: 37%
[2026-09-07 19:38:07] Saving world data: 41%
[2026-09-07 19:38:07] Saving world data: 44%
[2026-09-07 19:38:07] Saving world data: 48%
[2026-09-07 19:38:07] Saving world data: 52%
[2026-09-07 19:38:07] Saving world data: 56%
[2026-09-07 19:38:07] Saving world data: 60%
[2026-09-07 19:38:07] Saving world data: 64%
[2026-09-07 19:38:07] Saving world data: 66%
[2026-09-07 19:38:07] Saving world data: 70%
[2026-09-07 19:38:07] Saving world data: 74%
[2026-09-07 19:38:07] Saving world data: 78%
[2026-09-07 19:38:07] Saving world data: 82%
[2026-09-07 19:38:07] Saving world data: 86%
[2026-09-07 19:38:07] Saving world data: 90%
[2026-09-07 19:38:07] Saving world data: 93%
[2026-09-07 19:38:07] Saving world data: 97%
[2026-09-07 19:38:07] Saving world data: 100%
[2026-09-07 19:38:07] Validating world save: 16%
[2026-09-07 19:38:07] Validating world save: 35%
[2026-09-07 19:38:07] Validating world save: 46%
[2026-09-07 19:38:07] Validating world save: 62%
[2026-09-07 19:38:07] Validating world save: 78%
[2026-09-07 19:38:07] Validating world save: 90%
[2026-09-07 19:38:07] Backing up world file
[2026-09-07 19:38:07] Saving world data: 5%
[2026-09-07 19:38:07] Saving world data: 9%
[2026-09-07 19:38:07] Saving world data: 13%
[2026-09-07 19:38:07] Saving world data: 17%
[2026-09-07 19:38:07] Saving world data: 22%
[2026-09-07 19:38:07] Saving world data: 26%
[2026-09-07 19:38:07] Saving world data: 30%
[2026-09-07 19:38:07] Saving world data: 35%
[2026-09-07 19:38:07] Saving world data: 39%
[2026-09-07 19:38:07] Saving world data: 42%
[2026-09-07 19:38:07] Saving world data: 46%
[2026-09-07 19:38:07] Saving world data: 50%
[2026-09-07 19:38:07] Saving world data: 55%
[2026-09-07 19:38:07] Saving world data: 58%
[2026-09-07 19:38:07] Saving world data: 62%
[2026-09-07 19:38:07] Saving world data: 66%
[2026-09-07 19:38:07] Saving world data: 70%
[2026-09-07 19:38:07] Saving world data: 73%
[2026-09-07 19:38:07] Saving world data: 77%
[2026-09-07 19:38:07] Saving world data: 80%
[2026-09-07 19:38:07] Saving world data: 84%
[2026-09-07 19:38:07] Saving world data: 89%
[2026-09-07 19:38:07] Saving world data: 93%
[2026-09-07 19:38:07] Saving world data: 97%
[2026-09-07 19:38:07] Saving world data: 100%
[2026-09-07 19:38:07] Validating world save: 13%
[2026-09-07 19:38:07] Validating world save: 33%
[2026-09-07 19:38:07] Validating world save: 47%
[2026-09-07 19:38:07] Validating world save: 62%
[2026-09-07 19:38:07] Validating world save: 76%
[2026-09-07 19:38:07] Validating world save: 90%
[2026-09-07 19:38:07] Backing up world file
[2026-09-07 19:38:07] Saving world data: 5%
[2026-09-07 19:38:07] Saving world data: 10%
[2026-09-07 19:38:07] Saving world data: 14%
[2026-09-07 19:38:07] Saving world data: 19%
[2026-09-07 19:38:07] Saving world data: 23%
[2026-09-07 19:38:07] Saving world data: 27%
[2026-09-07 19:38:07] Saving world data: 32%
[2026-09-07 19:38:07] Saving world data: 36%
[2026-09-07 19:38:07] Saving world data: 40%
[2026-09-07 19:38:07] Saving world data: 44%
[2026-09-07 19:38:07] Saving world data: 48%
[2026-09-07 19:38:07] Saving world data: 52%
[2026-09-07 19:38:07] Saving world data: 57%
[2026-09-07 19:38:07] Saving world data: 61%
[2026-09-07 19:38:07] Saving world data: 65%
[2026-09-07 19:38:07] Saving world data: 69%
[2026-09-07 19:38:07] Saving world data: 73%
[2026-09-07 19:38:07] Saving world data: 76%
[2026-09-07 19:38:07] Saving world data: 80%
[2026-09-07 19:38:07] Saving world data: 84%
[2026-09-07 19:38:07] Saving world data: 88%
[2026-09-07 19:38:07] Saving world data: 93%
[2026-09-07 19:38:07] Saving world data: 97%
[2026-09-07 19:38:07] Saving world data: 100%
[2026-09-07 19:38:07] Validating world save: 17%
[2026-09-07 19:38:07] Validating world save: 37%
[2026-09-07 19:38:07] Validating world save: 51%
[2026-09-07 19:38:07] Validating world save: 68%
[2026-09-07 19:38:07] Validating world save: 84%
[2026-09-07 19:38:07] Backing up world file
[2026-09-07 19:38:07] Saving world data: 5%
[2026-09-07 19:38:07] Saving world data: 9%
[2026-09-07 19:38:07] Saving world data: 14%
[2026-09-07 19:38:07] Saving world data: 18%
[2026-09-07 19:38:07] Saving world data: 22%
[2026-09-07 19:38:07] Saving world data: 27%
[2026-09-07 19:38:07] Saving world data: 31%
[2026-09-07 19:38:07] Saving world data: 35%
[2026-09-07 19:38:07] Saving world data: 39%
[2026-09-07 19:38:07] Saving world data: 43%
[2026-09-07 19:38:07] Saving world data: 47%
[2026-09-07 19:38:07] Saving world data: 51%
[2026-09-07 19:38:07] Saving world data: 55%
[2026-09-07 19:38:07] Saving world data: 60%
[2026-09-07 19:38:07] Saving world data: 63%
[2026-09-07 19:38:07] Saving world data: 67%
[2026-09-07 19:38:07] Saving world data: 72%
[2026-09-07 19:38:07] Saving world data: 75%
[2026-09-07 19:38:07] Saving world data: 79%
[2026-09-07 19:38:07] Saving world data: 83%
[2026-09-07 19:38:07] Saving world data: 87%
[2026-09-07 19:38:07] Saving world data: 92%
[2026-09-07 19:38:07] Saving world data: 96%
[2026-09-07 19:38:07] Saving world data: 100%
[2026-09-07 19:38:07] Validating world save: 9%
[2026-09-07 19:38:07] Validating world save: 27%
[2026-09-07 19:38:07] Validating world save: 41%
[2026-09-07 19:38:07] Validating world save: 58%
[2026-09-07 19:38:07] Validating world save: 66%
[2026-09-07 19:38:07] Validating world save: 81%
[2026-09-07 19:38:07] Validating world save: 100%
[2026-09-07 19:38:07] Backing up world file
[2026-09-07 19:38:07] Saving world data: 5%
[2026-09-07 19:38:07] Saving world data: 9%
[2026-09-07 19:38:07] Saving world data: 13%
[2026-09-07 19:38:07] Saving world data: 17%
[2026-09-07 19:38:07] Saving world data: 21%
[2026-09-07 19:38:07] Saving world data: 25%
[2026-09-07 19:38:07] Saving world data: 28%
[2026-09-07 19:38:07] Saving world data: 32%
[2026-09-07 19:38:07] Saving world data: 36%
[2026-09-07 19:38:07] Saving world data: 40%
[2026-09-07 19:38:07] Saving world data: 43%
[2026-09-07 19:38:07] Saving world data: 47%
[2026-09-07 19:38:07] Saving world data: 52%
[2026-09-07 19:38:07] Saving world data: 56%
[2026-09-07 19:38:07] Saving world data: 60%
[2026-09-07 19:38:07] Saving world data: 64%
[2026-09-07 19:38:07] Saving world data: 68%
[2026-09-07 19:38:07] Saving world data: 71%
[2026-09-07 19:38:07] Saving world data: 76%
[2026-09-07 19:38:07] Saving world data: 79%
[2026-09-07 19:38:07] Saving world data: 82%
[2026-09-07 19:38:07] Saving world data: 86%
[2026-09-07 19:38:07] Saving world data: 90%
[2026-09-07 19:38:07] Saving world data: 95%
[2026-09-07 19:38:07] Saving world data: 98%
[2026-09-07 19:38:07] Saving world data: 100%
[2026-09-07 19:38:07] Validating world save: 3%
[2026-09-07 19:38:07] Validating world save: 23%
[2026-09-07 19:38:07] Validating world save: 40%
[2026-09-07 19:38:07] Validating world save: 55%
[2026-09-07 19:38:07] Validating world save: 71%
[2026-09-07 19:38:07] Validating world save: 87%
[2026-09-07 19:38:07] Backing up world file
[2026-09-07 19:38:07] mavis has left.
[2026-09-07 19:38:07] 127.190.221.119:54595 is connecting...
[2026-09-07 19:38:07] mavis has joined.
[2026-09-07 19:38:07] Saving world data: 4%
[2026-09-07 19:38:07] Saving world data: 8%
[2026-09-07 19:38:07] Saving world data: 12%
[2026-09-07 19:38:07] Saving world data: 15%
[2026-09-07 19:38:07] Saving world data: 19%
[2026-09-07 19:38:07] Saving world data: 22%
[2026-09-07 19:38:07] Saving world data: 26%
[2026-09-07 19:38:07] Saving world data: 30%
[2026-09-07 19:38:07] Saving world data: 33%
[2026-09-07 19:38:07] Saving world data: 37%
[2026-09-07 19:38:07] Saving world data: 40%
[2026-09-07 19:38:07] Saving world data: 43%
[2026-09-07 19:38:07] Saving world data: 46%
[2026-09-07 19:38:07] Saving world data: 50%
[2026-09-07 19:38:07] Saving world data: 53%
[2026-09-07 19:38:07] Saving world data: 57%
[2026-09-07 19:38:07] Saving world data: 60%
[2026-09-07 19:38:07] Saving world data: 63%
[2026-09-07 19:38:07] Saving world data: 67%
[2026-09-07 19:38:07] Saving world data: 70%
[2026-09-07 19:38:07] Saving world data: 74%
[2026-09-07 19:38:07] Saving world data: 77%
[2026-09-07 19:38:07] Saving world data: 80%
[2026-09-07 19:38:07] Saving world data: 84%
[2026-09-07 19:38:07] Saving world data: 87%
[2026-09-07 19:38:07] Saving world data: 91%
[2026-09-07 19:38:07] Saving world data: 94%
[2026-09-07 19:38:07] Saving world data: 97%
[2026-09-07 19:38:07] Saving world data: 100%
[2026-09-07 19:38:07] Validating world save: 13%
[2026-09-07 19:38:07] Validating world save: 30%
[2026-09-07 19:38:07] Validating world save: 43%
[2026-09-07 19:38:07] Validating world save: 58%
[2026-09-07 19:38:07] Validating world save: 71%
[2026-09-07 19:38:07] Validating world save: 85%
[2026-09-07 19:38:07] Backing up world file
[2026-09-07 19:38:07] Saving world data: 5%
[2026-09-07 19:38:07] Saving world data: 9%
[2026-09-07 19:38:07] Saving world data: 14%
[2026-09-07 19:38:07] Saving world data: 18%
[2026-09-07 19:38:07] Saving world data: 22%
[2026-09-07 19:38:07] Saving world data: 27%
[2026-09-07 19:38:07] Saving world data: 31%
[2026-09-07 19:38:07] Saving world data: 35%
[2026-09-07 19:38:07] Saving world data: 39%
[2026-09-07 19:38:07] Saving world data: 43%
[2026-09-07 19:38:07] Saving world data: 47%
[2026-09-07 19:38:07] Saving world data: 51%
[2026-09-07 19:38:07] Saving world data: 55%
[2026-09-07 19:38:07] Saving world data: 59%
[2026-09-07 19:38:07] Saving world data: 63%
[2026-09-07 19:38:07] Saving world data: 67%
[2026-09-07 19:38:07] Saving world data: 71%
[2026-09-07 19:38:07] Saving world data: 74%
[2026-09-07 19:38:07] Saving world data: 78%
[2026-09-07 19:38:07] Saving world data: 81%
[2026-09-07 19:38:07] Saving world data: 85%
[2026-09-07 19:38:07] Saving world data: 90%
[2026-09-07 19:38:07] Saving world data: 94%
[2026-09-07 19:38:07] Saving world data: 97%
[2026-09-07 19:38:07] Saving world data: 100%
[2026-09-07 19:38:07] Validating world save: 19%
[2026-09-07 19:38:07] Validating world save: 38%
[2026-09-07 19:38:07] Validating world save: 51%
[2026-09-07 19:38:07] Validating world save: 64%
[2026-09-07 19:38:07] Validating world save: 80%
[2026-09-07 19:38:07] Validating world save: 97%
[2026-09-07 19:38:07] Backing up world file
[2026-09-07 19:38:07] 127.3.190.83:42883 is connecting...
[2026-09-07 19:38:07] Yooo has joined.
[2026-09-07 19:38:07] Yooo has left.
[2026-09-07 19:38:07] 127.3.190.83:49457 is connecting...
[2026-09-07 19:38:07] Yooo has joined.
[2026-09-07 19:38:07] Saving world data: 5%
[2026-09-07 19:38:07] Saving world data: 9%
[2026-09-07 19:38:07] Saving world data: 14%
[2026-09-07 19:38:07] Saving world data: 18%
[2026-09-07 19:38:07] Saving world data: 23%
[2026-09-07 19:38:07] Saving world data: 27%
[2026-09-07 19:38:07] Saving world data: 31%
[2026-09-07 19:38:07] Saving world data: 36%
[2026-09-07 19:38:07] Saving world data: 40%
[2026-09-07 19:38:07] Saving world data: 44%
[2026-09-07 19:38:07] Saving world data: 48%
[2026-09-07 19:38:07] Saving world data: 52%
[2026-09-07 19:38:07] Saving world data: 56%
[2026-09-07 19:38:07] Saving world data: 61%
[2026-09-07 19:38:07] Saving world data: 64%
[2026-09-07 19:38:07] Saving world data: 69%
[2026-09-07 19:38:07] Saving world data: 73%
[2026-09-07 19:38:07] Saving world data: 76%
[2026-09-07 19:38:07] Saving world data: 80%
[2026-09-07 19:38:07] Saving world data: 83%
[2026-09-07 19:38:07] Saving world data: 87%
[2026-09-07 19:38:07] Saving world data: 90%
[2026-09-07 19:38:07] Saving world data: 94%
[2026-09-07 19:38:07] Saving world data: 97%
[2026-09-07 19:38:07] Saving world data: 100%
[2026-09-07 19:38:07] Validating world save: 16%
[2026-09-07 19:38:07] Validating world save: 36%
[2026-09-07 19:38:07] Validating world save: 49%
[2026-09-07 19:38:07] Validating world save: 66%
[2026-09-07 19:38:07] Validating world save: 81%
[2026-09-07 19:38:07] Validating world save: 99%
[2026-09-07 19:38:07] Backing up world file
[2026-09-07 19:38:07] Saving world data: 4%
[2026-09-07 19:38:07] Saving world data: 9%
[2026-09-07 19:38:07] Saving world data: 12%
[2026-09-07 19:38:07] Saving world data: 16%
[2026-09-07 19:38:07] Saving world data: 20%
[2026-09-07 19:38:07] Saving world data: 24%
[2026-09-07 19:38:07] Saving world data: 28%
[2026-09-07 19:38:07] Saving world data: 32%
[2026-09-07 19:38:07] Saving world data: 36%
[2026-09-07 19:38:07] Saving world data: 39%
[2026-09-07 19:38:07] Saving world data: 42%
[2026-09-07 19:38:07] Saving world data: 46%
[2026-09-07 19:38:07] Saving world data: 50%
[2026-09-07 19:38:07] Saving world data: 54%
[2026-09-07 19:38:07] Saving world data: 57%
[2026-09-07 19:38:07] Saving world data: 61%
[2026-09-07 19:38:07] Saving world data: 64%
[2026-09-07 19:38:07] Saving world data: 67%
[2026-09-07 19:38:07] Saving world data: 71%
[2026-09-07 19:38:07] Saving world data: 75%
[2026-09-07 19:38:07] Saving world data: 79%
[2026-09-07 19:38:07] Saving world data: 82%
[2026-09-07 19:38:07] Saving world data: 86%
[2026-09-07 19:38:07] Saving world data: 90%
[2026-09-07 19:38:07] Saving world data: 94%
[2026-09-07 19:38:07] Saving world data: 98%
[2026-09-07 19:38:07] Saving world data: 100%
[2026-09-07 19:38:07] Validating world save: 11%
[2026-09-07 19:38:07] Validating world save: 29%
[2026-09-07 19:38:07] Validating world save: 42%
[2026-09-07 19:38:07] Validating world save: 57%
[2026-09-07 19:38:07] Validating world save: 70%
[2026-09-07 19:38:07] Validating world save: 84%
[2026-09-07 19:38:07] Validating world save: 100%
[2026-09-07 19:38:07] Backing up world file
[2026-09-07 19:38:07] Saving world data: 5%
[2026-09-07 19:38:07] Saving world data: 9%
[2026-09-07 19:38:07] Saving world data: 14%
[2026-09-07 19:38:07] Saving world data: 18%
[2026-09-07 19:38:07] Saving world data: 23%
[2026-09-07 19:38:07] Saving world data: 27%
[2026-09-07 19:38:07] Saving world data: 32%
[2026-09-07 19:38:07] Saving world data: 36%
[2026-09-07 19:38:07] Saving world data: 40%
[2026-09-07 19:38:07] Saving world data: 44%
[2026-09-07 19:38:07] Saving world data: 48%
[2026-09-07 19:38:07] Saving world data: 52%
[2026-09-07 19:38:07] Saving world data: 56%
[2026-09-07 19:38:07] Saving world data: 61%
[2026-09-07 19:38:07] Saving world data: 64%
[2026-09-07 19:38:07] Saving world data: 68%
[2026-09-07 19:38:07] Saving world data: 72%
[2026-09-07 19:38:07] Saving world data: 75%
[2026-09-07 19:38:07] Saving world data: 79%
[2026-09-07 19:38:07] Saving world data: 82%
[2026-09-07 19:38:07] Saving world data: 86%
[2026-09-07 19:38:07] Saving world data: 91%
[2026-09-07 19:38:07] Saving world data: 95%
[2026-09-07 19:38:07] Saving world data: 98%
[2026-09-07 19:38:07] Saving world data: 100%
[2026-09-07 19:38:07] Validating world save: 6%
[2026-09-07 19:38:07] Validating world save: 21%
[2026-09-07 19:38:07] Validating world save: 40%
[2026-09-07 19:38:07] Validating world save: 56%
[2026-09-07 19:38:07] Validating world save: 72%
[2026-09-07 19:38:07] Validating world save: 88%
[2026-09-07 19:38:07] Backing up world file
[2026-09-07 19:38:07] mavis has left.
[2026-09-07 19:38:07] 127.190.221.119:43369 is connecting...
[2026-09-07 19:38:07] mavis has joined.
[2026-09-07 19:38:07] 127.217.102.112:33541 is connecting...
[2026-09-07 19:38:07] Sunny has joined.
[2026-09-07 19:38:07] Saving world data: 5%
[2026-09-07 19:38:07] Saving world data: 9%
[2026-09-07 19:38:07] Saving world data: 14%
[2026-09-07 19:38:07] Saving world data: 18%
[2026-09-07 19:38:07] Saving world data: 23%
[2026-09-07 19:38:07] Saving world data: 27%
[2026-09-07 19:38:07] Saving world data: 31%
[2026-09-07 19:38:07] Saving world data: 36%
[2026-09-07 19:38:07] Saving world data: 39%
[2026-09-07 19:38:07] Saving world data: 43%
[2026-09-07 19:38:07] Saving world data: 47%
[2026-09-07 19:38:07] Saving world data: 51%
[2026-09-07 19:38:07] Saving world data: 55%
[2026-09-07 19:38:07] Saving world data: 59%
[2026-09-07 19:38:07] Saving world data: 63%
[2026-09-07 19:38:07] Saving world data: 67%
[2026-09-07 19:38:07] Saving world data: 71%
[2026-09-07 19:38:07] Saving world data: 75%
[2026-09-07 19:38:07] Saving world data: 79%
[2026-09-07 19:38:07] Saving world data: 83%
[2026-09-07 19:38:07] Saving world data: 87%
[2026-09-07 19:38:07] Saving world data: 91%
[2026-09-07 19:38:07] Saving world data: 95%
[2026-09-07 19:38:07] Saving world data: 99%
[2026-09-07 19:38:07] Saving world data: 100%
[2026-09-07 19:38:07] Validating world save: 1%
[2026-09-07 19:38:07] Validating world save: 18%
[2026-09-07 19:38:07] Validating world save: 35%
[2026-09-07 19:38:07] Validating world save: 46%
[2026-09-07 19:38:07] Validating world save: 63%
[2026-09-07 19:38:07] Validating world save: 79%
[2026-09-07 19:38:07] Validating world save: 96%
[2026-09-07 19:38:07] Backing up world file
[2026-09-07 19:38:07] Saving world data: 5%
[2026-09-07 19:38:07] Saving world data: 9%
[2026-09-07 19:38:07] Saving world data: 13%
[2026-09-07 19:38:07] Saving world data: 16%
[2026-09-07 19:38:07] Saving world data: 19%
[2026-09-07 19:38:07] Saving world data: 23%
[2026-09-07 19:38:07] Saving world data: 26%
[2026-09-07 19:38:07] Saving world data: 29%
[2026-09-07 19:38:07] Saving world data: 32%
[2026-09-07 19:38:07] Saving world data: 36%
[2026-09-07 19:38:07] Saving world data: 39%
[2026-09-07 19:38:07] Saving world data: 41%
[2026-09-07 19:38:07] Saving world data: 44%
[2026-09-07 19:38:07] Saving world data: 47%
[2026-09-07 19:38:07] Saving world data: 51%
[2026-09-07 19:38:07] Saving world data: 54%
[2026-09-07 19:38:07] Saving world data: 57%
[2026-09-07 19:38:07] Saving world data: 60%
[2026-09-07 19:38:07] Saving world data: 63%
[2026-09-07 19:38:07] Saving world data: 66%
[2026-09-07 19:38:07] Saving world data: 69%
[2026-09-07 19:38:07] Saving world data: 72%
[2026-09-07 19:38:07] Saving world data: 75%
[2026-09-07 19:38:07] Saving world data: 79%
[2026-09-07 19:38:07] Saving world data: 81%
[2026-09-07 19:38:07] Saving world data: 84%
[2026-09-07 19:38:07] Saving world data: 88%
[2026-09-07 19:38:07] Saving world data: 92%
[2026-09-07 19:38:07] Saving world data: 96%
[2026-09-07 19:38:07] Saving world data: 99%
[2026-09-07 19:38:07] Saving world data: 100%
[2026-09-07 19:38:07] Validating world save: 9%
[2026-09-07 19:38:07] Validating world save: 24%
[2026-09-07 19:38:07] Validating world save: 38%
[2026-09-07 19:38:07] Validating world save: 48%
[2026-09-07 19:38:07] Validating world save: 62%
[2026-09-07 19:38:07] Validating world save: 77%
[2026-09-07 19:38:07] Validating world save: 93%
[2026-09-07 19:38:07] Backing up world file
[2026-09-07 19:38:07] mavis has left.
[2026-09-07 19:38:07] Saving world data: 5%
[2026-09-07 19:38:07] Saving world data: 9%
[2026-09-07 19:38:07] Saving world data: 13%
[2026-09-07 19:38:07] Saving world data: 17%
[2026-09-07 19:38:07] Saving world data: 21%
[2026-09-07 19:38:07] Saving world data: 25%
[2026-09-07 19:38:07] Saving world data: 29%
[2026-09-07 19:38:07] Saving world data: 33%
[2026-09-07 19:38:07] Saving world data: 36%
[2026-09-07 19:38:07] Saving world data: 40%
[2026-09-07 19:38:07] Saving world data: 43%
[2026-09-07 19:38:07] Saving world data: 47%
[2026-09-07 19:38:07] Saving world data: 51%
[2026-09-07 19:38:07] Saving world data: 54%
[2026-09-07 19:38:07] Saving world data: 59%
[2026-09-07 19:38:07] Saving world data: 63%
[2026-09-07 19:38:07] Saving world data: 66%
[2026-09-07 19:38:07] Saving world data: 70%
[2026-09-07 19:38:07] Saving world data: 74%
[2026-09-07 19:38:07] Saving world data: 77%
[2026-09-07 19:38:07] Saving world data: 81%
[2026-09-07 19:38:07] Saving world data: 84%
[2026-09-07 19:38:07] Saving world data: 88%
[2026-09-07 19:38:07] Saving world data: 92%
[2026-09-07 19:38:07] Saving world data: 96%
[2026-09-07 19:38:07] Saving world data: 100%
[2026-09-07 19:38:07] Validating world save: 12%
[2026-09-07 19:38:07] Validating world save: 31%
[2026-09-07 19:38:07] Validating world save: 45%
[2026-09-07 19:38:07] Validating world save: 63%
[2026-09-07 19:38:07] Validating world save: 79%
[2026-09-07 19:38:07] Validating world save: 93%
[2026-09-07 19:38:07] Backing up world file
[2026-09-07 19:38:07] Saving world data: 5%
[2026-09-07 19:38:07] Saving world data: 9%
[2026-09-07 19:38:07] Saving world data: 13%
[2026-09-07 19:38:07] Saving world data: 17%
[2026-09-07 19:38:07] Saving world data: 22%
[2026-09-07 19:38:07] Saving world data: 26%
[2026-09-07 19:38:07] Saving world data: 31%
[2026-09-07 19:38:07] Saving world data: 35%
[2026-09-07 19:38:07] Saving world data: 39%
[2026-09-07 19:38:07] Saving world data: 43%
[2026-09-07 19:38:07] Saving world data: 47%
[2026-09-07 19:38:07] Saving world data: 51%
[2026-09-07 19:38:07] Saving world data: 55%
[2026-09-07 19:38:07] Saving world data: 59%
[2026-09-07 19:38:07] Saving world data: 63%
[2026-09-07 19:38:07] Saving world data: 67%
[2026-09-07 19:38:07] Saving world data: 72%
[2026-09-07 19:38:07] Saving world data: 76%
[2026-09-07 19:38:07] Saving world data: 80%
[2026-09-07 19:38:07] Saving world data: 82%
[2026-09-07 19:38:07] Saving world data: 85%
[2026-09-07 19:38:07] Saving world data: 89%
[2026-09-07 19:38:07] Saving world data: 92%
[2026-09-07 19:38:07] Saving world data: 95%
[2026-09-07 19:38:07] Saving world data: 98%
[2026-09-07 19:38:07] Saving world data: 100%
[2026-09-07 19:38:07] Validating world save: 7%
[2026-09-07 19:38:07] Validating world save: 25%
[2026-09-07 19:38:07] Validating world save: 40%
[2026-09-07 19:38:07] Validating world save: 52%
[2026-09-07 19:38:07] Validating world save: 66%
[2026-09-07 19:38:07] Validating world save: 79%
[2026-09-07 19:38:07] Validating world save: 91%
[2026-09-07 19:38:07] Backing up world file
[2026-09-07 19:38:07] 127.190.221.119:36541 is connecting...
[2026-09-07 19:38:07] 127.190.221.119:36541 was booted: Only Non-Journey characters may enter a Non-Journey server.
[2026-09-07 19:38:07] 127.190.221.119:49783 is connecting...
[2026-09-07 19:38:07] w has joined.
[2026-09-07 19:38:07] 127.190.221.119:41387 is connecting...
[2026-09-07 19:38:07] maybemavis has joined.
[2026-09-07 19:38:07] maybemavis has left.
[2026-09-07 19:38:07] Saving world data: 4%
[2026-09-07 19:38:07] Saving world data: 8%
[2026-09-07 19:38:07] Saving world data: 12%
[2026-09-07 19:38:07] Saving world data: 16%
[2026-09-07 19:38:07] Saving world data: 20%
[2026-09-07 19:38:07] Saving world data: 24%
[2026-09-07 19:38:07] Saving world data: 28%
[2026-09-07 19:38:07] Saving world data: 32%
[2026-09-07 19:38:07] Saving world data: 36%
[2026-09-07 19:38:07] Saving world data: 39%
[2026-09-07 19:38:07] Saving world data: 43%
[2026-09-07 19:38:07] Saving world data: 46%
[2026-09-07 19:38:07] Saving world data: 50%
[2026-09-07 19:38:07] Saving world data: 54%
[2026-09-07 19:38:07] Saving world data: 58%
[2026-09-07 19:38:07] Saving world data: 62%
[2026-09-07 19:38:07] Saving world data: 65%
[2026-09-07 19:38:07] Saving world data: 68%
[2026-09-07 19:38:07] Saving world data: 72%
[2026-09-07 19:38:07] Saving world data: 76%
[2026-09-07 19:38:07] Saving world data: 80%
[2026-09-07 19:38:07] Saving world data: 83%
[2026-09-07 19:38:07] Saving world data: 87%
[2026-09-07 19:38:07] Saving world data: 91%
[2026-09-07 19:38:07] Saving world data: 95%
[2026-09-07 19:38:07] Saving world data: 97%
[2026-09-07 19:38:07] Saving world data: 100%
[2026-09-07 19:38:07] Validating world save: 17%
[2026-09-07 19:38:07] Validating world save: 35%
[2026-09-07 19:38:07] Validating world save: 47%
[2026-09-07 19:38:07] Validating world save: 62%
[2026-09-07 19:38:07] Validating world save: 77%
[2026-09-07 19:38:07] Validating world save: 86%
[2026-09-07 19:38:07] Backing up world file
[2026-09-07 19:38:07] 127.190.221.119:59391 is connecting...
[2026-09-07 19:38:07] maybemavis has joined.
[2026-09-07 19:38:07] maybemavis has left.
[2026-09-07 19:38:07] Saving world data: 2%
[2026-09-07 19:38:07] Saving world data: 5%
[2026-09-07 19:38:07] Saving world data: 9%
[2026-09-07 19:38:07] Saving world data: 14%
[2026-09-07 19:38:07] Saving world data: 18%
[2026-09-07 19:38:07] Saving world data: 22%
[2026-09-07 19:38:07] Saving world data: 27%
[2026-09-07 19:38:07] Saving world data: 31%
[2026-09-07 19:38:07] Saving world data: 35%
[2026-09-07 19:38:07] Saving world data: 36%
[2026-09-07 19:38:07] Saving world data: 38%
[2026-09-07 19:38:07] Saving world data: 42%
[2026-09-07 19:38:07] Saving world data: 46%
[2026-09-07 19:38:07] Saving world data: 50%
[2026-09-07 19:38:07] Saving world data: 54%
[2026-09-07 19:38:07] Saving world data: 58%
[2026-09-07 19:38:07] Saving world data: 62%
[2026-09-07 19:38:07] Saving world data: 64%
[2026-09-07 19:38:07] Saving world data: 69%
[2026-09-07 19:38:07] Saving world data: 72%
[2026-09-07 19:38:07] Saving world data: 76%
[2026-09-07 19:38:07] Saving world data: 79%
[2026-09-07 19:38:07] Saving world data: 82%
[2026-09-07 19:38:07] Saving world data: 86%
[2026-09-07 19:38:07] Saving world data: 90%
[2026-09-07 19:38:07] Saving world data: 94%
[2026-09-07 19:38:07] Saving world data: 98%
[2026-09-07 19:38:07] Saving world data: 100%
[2026-09-07 19:38:07] Validating world save: 4%
[2026-09-07 19:38:07] Validating world save: 23%
[2026-09-07 19:38:07] Validating world save: 41%
[2026-09-07 19:38:07] Validating world save: 57%
[2026-09-07 19:38:07] Validating world save: 73%
[2026-09-07 19:38:07] Validating world save: 83%
[2026-09-07 19:38:07] Backing up world file
[2026-09-07 19:38:07] 127.190.221.119:50597 is connecting...
[2026-09-07 19:38:07] maybemavis has joined.
[2026-09-07 19:38:07] Yooo has left.
[2026-09-07 19:38:07] Brown has left.
[2026-09-07 19:38:07] Saving world data: 5%
[2026-09-07 19:38:07] Saving world data: 9%
[2026-09-07 19:38:07] Saving world data: 12%
[2026-09-07 19:38:07] Saving world data: 16%
[2026-09-07 19:38:07] Saving world data: 19%
[2026-09-07 19:38:07] Saving world data: 23%
[2026-09-07 19:38:07] Saving world data: 26%
[2026-09-07 19:38:07] Saving world data: 30%
[2026-09-07 19:38:07] Saving world data: 33%
[2026-09-07 19:38:07] Saving world data: 37%
[2026-09-07 19:38:07] Saving world data: 40%
[2026-09-07 19:38:07] Saving world data: 43%
[2026-09-07 19:38:07] Saving world data: 46%
[2026-09-07 19:38:07] Saving world data: 49%
[2026-09-07 19:38:07] Saving world data: 52%
[2026-09-07 19:38:07] Saving world data: 56%
[2026-09-07 19:38:07] Saving world data: 60%
[2026-09-07 19:38:07] Saving world data: 63%
[2026-09-07 19:38:07] Saving world data: 66%
[2026-09-07 19:38:07] Saving world data: 70%
[2026-09-07 19:38:07] Saving world data: 74%
[2026-09-07 19:38:07] Saving world data: 78%
[2026-09-07 19:38:07] Saving world data: 82%
[2026-09-07 19:38:07] Saving world data: 86%
[2026-09-07 19:38:07] Saving world data: 90%
[2026-09-07 19:38:07] Saving world data: 93%
[2026-09-07 19:38:07] Saving world data: 97%
[2026-09-07 19:38:07] Saving world data: 100%
[2026-09-07 19:38:07] Validating world save: 14%
[2026-09-07 19:38:07] Validating world save: 28%
[2026-09-07 19:38:07] Validating world save: 40%
[2026-09-07 19:38:07] Validating world save: 51%
[2026-09-07 19:38:07] Validating world save: 63%
[2026-09-07 19:38:07] Validating world save: 76%
[2026-09-07 19:38:07] Validating world save: 87%
[2026-09-07 19:38:07] Backing up world file
[2026-09-07 19:38:07] 127.232.132.6:59915 is connecting...
[2026-09-07 19:38:07] Brown has joined.
[2026-09-07 19:38:07] Saving world data: 5%
[2026-09-07 19:38:07] Saving world data: 9%
[2026-09-07 19:38:07] Saving world data: 13%
[2026-09-07 19:38:07] Saving world data: 17%
[2026-09-07 19:38:07] Saving world data: 21%
[2026-09-07 19:38:07] Saving world data: 25%
[2026-09-07 19:38:07] Saving world data: 29%
[2026-09-07 19:38:07] Saving world data: 33%
[2026-09-07 19:38:07] Saving world data: 37%
[2026-09-07 19:38:07] Saving world data: 41%
[2026-09-07 19:38:07] Saving world data: 44%
[2026-09-07 19:38:07] Saving world data: 48%
[2026-09-07 19:38:07] Saving world data: 52%
[2026-09-07 19:38:07] Saving world data: 56%
[2026-09-07 19:38:07] Saving world data: 60%
[2026-09-07 19:38:07] Saving world data: 63%
[2026-09-07 19:38:07] Saving world data: 67%
[2026-09-07 19:38:07] Saving world data: 70%
[2026-09-07 19:38:07] Saving world data: 74%
[2026-09-07 19:38:07] Saving world data: 78%
[2026-09-07 19:38:07] Saving world data: 82%
[2026-09-07 19:38:07] Saving world data: 86%
[2026-09-07 19:38:07] Saving world data: 90%
[2026-09-07 19:38:07] Saving world data: 93%
[2026-09-07 19:38:07] Saving world data: 97%
[2026-09-07 19:38:07] Saving world data: 100%
[2026-09-07 19:38:07] Validating world save: 5%
[2026-09-07 19:38:07] Validating world save: 24%
[2026-09-07 19:38:07] Validating world save: 40%
[2026-09-07 19:38:07] Validating world save: 53%
[2026-09-07 19:38:07] Validating world save: 67%
[2026-09-07 19:38:07] Validating world save: 81%
[2026-09-07 19:38:07] Validating world save: 93%
[2026-09-07 19:38:07] Backing up world file
[2026-09-07 19:38:07] Saving world data: 5%
[2026-09-07 19:38:07] Saving world data: 9%
[2026-09-07 19:38:07] Saving world data: 14%
[2026-09-07 19:38:07] Saving world data: 18%
[2026-09-07 19:38:07] Saving world data: 22%
[2026-09-07 19:38:07] Saving world data: 27%
[2026-09-07 19:38:07] Saving world data: 31%
[2026-09-07 19:38:07] Saving world data: 36%
[2026-09-07 19:38:07] Saving world data: 40%
[2026-09-07 19:38:07] Saving world data: 43%
[2026-09-07 19:38:07] Saving world data: 48%
[2026-09-07 19:38:07] Saving world data: 52%
[2026-09-07 19:38:07] Saving world data: 56%
[2026-09-07 19:38:07] Saving world data: 60%
[2026-09-07 19:38:07] Saving world data: 64%
[2026-09-07 19:38:07] Saving world data: 68%
[2026-09-07 19:38:07] Saving world data: 71%
[2026-09-07 19:38:07] Saving world data: 75%
[2026-09-07 19:38:07] Saving world data: 79%
[2026-09-07 19:38:07] Saving world data: 82%
[2026-09-07 19:38:07] Saving world data: 86%
[2026-09-07 19:38:07] Saving world data: 90%
[2026-09-07 19:38:07] Saving world data: 94%
[2026-09-07 19:38:07] Saving world data: 97%
[2026-09-07 19:38:07] Saving world data: 100%
[2026-09-07 19:38:07] Validating world save: 18%
[2026-09-07 19:38:07] Validating world save: 40%
[2026-09-07 19:38:07] Validating world save: 47%
[2026-09-07 19:38:07] Validating world save: 64%
[2026-09-07 19:38:07] Validating world save: 80%
[2026-09-07 19:38:07] Validating world save: 99%
[2026-09-07 19:38:07] Backing up world file
[2026-09-07 19:38:07] Saving world data: 4%
[2026-09-07 19:38:07] Saving world data: 8%
[2026-09-07 19:38:07] Saving world data: 13%
[2026-09-07 19:38:07] Saving world data: 17%
[2026-09-07 19:38:07] Saving world data: 21%
[2026-09-07 19:38:07] Saving world data: 25%
[2026-09-07 19:38:07] Saving world data: 29%
[2026-09-07 19:38:07] Saving world data: 33%
[2026-09-07 19:38:07] Saving world data: 36%
[2026-09-07 19:38:07] Saving world data: 39%
[2026-09-07 19:38:07] Saving world data: 42%
[2026-09-07 19:38:07] Saving world data: 46%
[2026-09-07 19:38:07] Saving world data: 49%
[2026-09-07 19:38:07] Saving world data: 53%
[2026-09-07 19:38:07] Saving world data: 57%
[2026-09-07 19:38:07] Saving world data: 61%
[2026-09-07 19:38:07] Saving world data: 64%
[2026-09-07 19:38:07] Saving world data: 67%
[2026-09-07 19:38:07] Saving world data: 71%
[2026-09-07 19:38:07] Saving world data: 75%
[2026-09-07 19:38:07] Saving world data: 79%
[2026-09-07 19:38:07] Saving world data: 82%
[2026-09-07 19:38:07] Saving world data: 86%
[2026-09-07 19:38:07] Saving world data: 90%
[2026-09-07 19:38:07] Saving world data: 94%
[2026-09-07 19:38:07] Saving world data: 97%
[2026-09-07 19:38:07] Saving world data: 100%
[2026-09-07 19:38:07] Validating world save: 19%
[2026-09-07 19:38:07] Validating world save: 37%
[2026-09-07 19:38:07] Validating world save: 45%
[2026-09-07 19:38:07] Validating world save: 62%
[2026-09-07 19:38:07] Validating world save: 77%
[2026-09-07 19:38:07] Validating world save: 88%
[2026-09-07 19:38:07] Backing up world file
[2026-09-07 19:38:07] Saving world data: 5%
[2026-09-07 19:38:07] Saving world data: 9%
[2026-09-07 19:38:07] Saving world data: 13%
[2026-09-07 19:38:07] Saving world data: 18%
[2026-09-07 19:38:07] Saving world data: 22%
[2026-09-07 19:38:07] Saving world data: 27%
[2026-09-07 19:38:07] Saving world data: 30%
[2026-09-07 19:38:07] Saving world data: 35%
[2026-09-07 19:38:07] Saving world data: 39%
[2026-09-07 19:38:07] Saving world data: 42%
[2026-09-07 19:38:07] Saving world data: 46%
[2026-09-07 19:38:07] Saving world data: 51%
[2026-09-07 19:38:07] Saving world data: 55%
[2026-09-07 19:38:07] Saving world data: 59%
[2026-09-07 19:38:07] Saving world data: 63%
[2026-09-07 19:38:07] Saving world data: 67%
[2026-09-07 19:38:07] Saving world data: 71%
[2026-09-07 19:38:07] Saving world data: 75%
[2026-09-07 19:38:07] Saving world data: 79%
[2026-09-07 19:38:07] Saving world data: 83%
[2026-09-07 19:38:07] Saving world data: 87%
[2026-09-07 19:38:07] Saving world data: 92%
[2026-09-07 19:38:07] Saving world data: 96%
[2026-09-07 19:38:07] Saving world data: 100%
[2026-09-07 19:38:07] Validating world save: 11%
[2026-09-07 19:38:07] Validating world save: 31%
[2026-09-07 19:38:07] Validating world save: 44%
[2026-09-07 19:38:07] Validating world save: 57%
[2026-09-07 19:38:07] Validating world save: 71%
[2026-09-07 19:38:07] Validating world save: 85%
[2026-09-07 19:38:07] Backing up world file
[2026-09-07 19:38:07] Saving world data: 5%
[2026-09-07 19:38:07] Saving world data: 9%
[2026-09-07 19:38:07] Saving world data: 14%
[2026-09-07 19:38:07] Saving world data: 18%
[2026-09-07 19:38:07] Saving world data: 23%
[2026-09-07 19:38:07] Saving world data: 27%
[2026-09-07 19:38:07] Saving world data: 32%
[2026-09-07 19:38:07] Saving world data: 36%
[2026-09-07 19:38:07] Saving world data: 40%
[2026-09-07 19:38:07] Saving world data: 44%
[2026-09-07 19:38:07] Saving world data: 47%
[2026-09-07 19:38:07] Saving world data: 51%
[2026-09-07 19:38:07] Saving world data: 55%
[2026-09-07 19:38:07] Saving world data: 59%
[2026-09-07 19:38:07] Saving world data: 62%
[2026-09-07 19:38:07] Saving world data: 65%
[2026-09-07 19:38:07] Saving world data: 69%
[2026-09-07 19:38:07] Saving world data: 72%
[2026-09-07 19:38:07] Saving world data: 75%
[2026-09-07 19:38:07] Saving world data: 79%
[2026-09-07 19:38:07] Saving world data: 82%
[2026-09-07 19:38:07] Saving world data: 85%
[2026-09-07 19:38:07] Saving world data: 89%
[2026-09-07 19:38:07] Saving world data: 93%
[2026-09-07 19:38:07] Saving world data: 97%
[2026-09-07 19:38:07] Saving world data: 100%
[2026-09-07 19:38:07] Validating world save: 16%
[2026-09-07 19:38:07] Validating world save: 36%
[2026-09-07 19:38:07] Validating world save: 50%
[2026-09-07 19:38:07] Validating world save: 67%
[2026-09-07 19:38:07] Validating world save: 82%
[2026-09-07 19:38:07] Backing up world file
[2026-09-07 19:38:07] Brown has left.
[2026-09-07 19:38:07] Saving world data: 2%
[2026-09-07 19:38:07] Saving world data: 6%
[2026-09-07 19:38:07] Saving world data: 9%
[2026-09-07 19:38:07] Saving world data: 13%
[2026-09-07 19:38:07] Saving world data: 16%
[2026-09-07 19:38:07] Saving world data: 20%
[2026-09-07 19:38:07] Saving world data: 23%
[2026-09-07 19:38:07] Saving world data: 27%
[2026-09-07 19:38:07] Saving world data: 30%
[2026-09-07 19:38:07] Saving world data: 33%
[2026-09-07 19:38:07] Saving world data: 37%
[2026-09-07 19:38:07] Saving world data: 40%
[2026-09-07 19:38:07] Saving world data: 43%
[2026-09-07 19:38:07] Saving world data: 46%
[2026-09-07 19:38:07] Saving world data: 49%
[2026-09-07 19:38:07] Saving world data: 52%
[2026-09-07 19:38:07] Saving world data: 56%
[2026-09-07 19:38:07] Saving world data: 59%
[2026-09-07 19:38:07] Saving world data: 62%
[2026-09-07 19:38:07] Saving world data: 65%
[2026-09-07 19:38:07] Saving world data: 69%
[2026-09-07 19:38:07] Saving world data: 72%
[2026-09-07 19:38:07] Saving world data: 75%
[2026-09-07 19:38:07] Saving world data: 79%
[2026-09-07 19:38:07] Saving world data: 81%
[2026-09-07 19:38:07] Saving world data: 85%
[2026-09-07 19:38:07] Saving world data: 88%
[2026-09-07 19:38:07] Saving world data: 91%
[2026-09-07 19:38:07] Saving world data: 95%
[2026-09-07 19:38:07] Saving world data: 97%
[2026-09-07 19:38:07] Saving world data: 100%
[2026-09-07 19:38:07] Validating world save: 8%
[2026-09-07 19:38:07] Validating world save: 25%
[2026-09-07 19:38:07] Validating world save: 40%
[2026-09-07 19:38:07] Validating world save: 52%
[2026-09-07 19:38:07] Validating world save: 66%
[2026-09-07 19:38:07] Validating world save: 80%
[2026-09-07 19:38:07] Validating world save: 95%
[2026-09-07 19:38:07] Backing up world file
[2026-09-07 19:38:07] Saving world data: 5%
[2026-09-07 19:38:07] Saving world data: 9%
[2026-09-07 19:38:07] Saving world data: 14%
[2026-09-07 19:38:07] Saving world data: 18%
[2026-09-07 19:38:07] Saving world data: 22%
[2026-09-07 19:38:07] Saving world data: 27%
[2026-09-07 19:38:07] Saving world data: 31%
[2026-09-07 19:38:07] Saving world data: 35%
[2026-09-07 19:38:07] Saving world data: 39%
[2026-09-07 19:38:07] Saving world data: 43%
[2026-09-07 19:38:07] Saving world data: 47%
[2026-09-07 19:38:07] Saving world data: 51%
[2026-09-07 19:38:07] Saving world data: 55%
[2026-09-07 19:38:07] Saving world data: 59%
[2026-09-07 19:38:07] Saving world data: 63%
[2026-09-07 19:38:07] Saving world data: 67%
[2026-09-07 19:38:07] Saving world data: 71%
[2026-09-07 19:38:07] Saving world data: 74%
[2026-09-07 19:38:07] Saving world data: 78%
[2026-09-07 19:38:07] Saving world data: 81%
[2026-09-07 19:38:07] Saving world data: 85%
[2026-09-07 19:38:07] Saving world data: 89%
[2026-09-07 19:38:07] Saving world data: 92%
[2026-09-07 19:38:07] Saving world data: 96%
[2026-09-07 19:38:07] Saving world data: 100%
[2026-09-07 19:38:07] Validating world save: 12%
[2026-09-07 19:38:07] Validating world save: 31%
[2026-09-07 19:38:07] Validating world save: 45%
[2026-09-07 19:38:07] Validating world save: 62%
[2026-09-07 19:38:07] Validating world save: 79%
[2026-09-07 19:38:07] Validating world save: 96%
[2026-09-07 19:38:07] Backing up world file
[2026-09-07 19:38:07] Saving world data: 2%
[2026-09-07 19:38:07] Saving world data: 4%
[2026-09-07 19:38:07] Saving world data: 8%
[2026-09-07 19:38:07] Saving world data: 13%
[2026-09-07 19:38:07] Saving world data: 18%
[2026-09-07 19:38:07] Saving world data: 22%
[2026-09-07 19:38:07] Saving world data: 25%
[2026-09-07 19:38:07] Saving world data: 30%
[2026-09-07 19:38:07] Saving world data: 34%
[2026-09-07 19:38:07] Saving world data: 38%
[2026-09-07 19:38:07] Saving world data: 41%
[2026-09-07 19:38:07] Saving world data: 45%
[2026-09-07 19:38:07] Saving world data: 50%
[2026-09-07 19:38:07] Saving world data: 54%
[2026-09-07 19:38:07] Saving world data: 58%
[2026-09-07 19:38:07] Saving world data: 62%
[2026-09-07 19:38:07] Saving world data: 66%
[2026-09-07 19:38:07] Saving world data: 69%
[2026-09-07 19:38:07] Saving world data: 73%
[2026-09-07 19:38:07] Saving world data: 78%
[2026-09-07 19:38:07] Saving world data: 81%
[2026-09-07 19:38:07] Saving world data: 85%
[2026-09-07 19:38:07] Saving world data: 90%
[2026-09-07 19:38:07] Saving world data: 94%
[2026-09-07 19:38:07] Saving world data: 97%
[2026-09-07 19:38:07] Saving world data: 100%
[2026-09-07 19:38:07] Validating world save: 21%
[2026-09-07 19:38:07] Validating world save: 39%
[2026-09-07 19:38:07] Validating world save: 55%
[2026-09-07 19:38:07] Validating world save: 71%
[2026-09-07 19:38:07] Validating world save: 86%
[2026-09-07 19:38:07] Backing up world file
[2026-09-07 19:38:07] Saving world data: 4%
[2026-09-07 19:38:07] Saving world data: 7%
[2026-09-07 19:38:07] Saving world data: 10%
[2026-09-07 19:38:07] Saving world data: 14%
[2026-09-07 19:38:07] Saving world data: 17%
[2026-09-07 19:38:07] Saving world data: 20%
[2026-09-07 19:38:07] Saving world data: 23%
[2026-09-07 19:38:07] Saving world data: 26%
[2026-09-07 19:38:07] Saving world data: 29%
[2026-09-07 19:38:07] Saving world data: 32%
[2026-09-07 19:38:07] Saving world data: 36%
[2026-09-07 19:38:07] Saving world data: 39%
[2026-09-07 19:38:07] Saving world data: 41%
[2026-09-07 19:38:07] Saving world data: 44%
[2026-09-07 19:38:07] Saving world data: 47%
[2026-09-07 19:38:07] Saving world data: 50%
[2026-09-07 19:38:07] Saving world data: 53%
[2026-09-07 19:38:07] Saving world data: 56%
[2026-09-07 19:38:07] Saving world data: 59%
[2026-09-07 19:38:07] Saving world data: 62%
[2026-09-07 19:38:07] Saving world data: 65%
[2026-09-07 19:38:07] Saving world data: 68%
[2026-09-07 19:38:07] Saving world data: 71%
[2026-09-07 19:38:07] Saving world data: 74%
[2026-09-07 19:38:07] Saving world data: 76%
[2026-09-07 19:38:07] Saving world data: 79%
[2026-09-07 19:38:07] Saving world data: 82%
[2026-09-07 19:38:07] Saving world data: 85%
[2026-09-07 19:38:07] Saving world data: 88%
[2026-09-07 19:38:07] Saving world data: 91%
[2026-09-07 19:38:07] Saving world data: 94%
[2026-09-07 19:38:07] Saving world data: 97%
[2026-09-07 19:38:07] Saving world data: 100%
[2026-09-07 19:38:07] Validating world save: 2%
[2026-09-07 19:38:07] Validating world save: 17%
[2026-09-07 19:38:07] Validating world save: 31%
[2026-09-07 19:38:07] Validating world save: 42%
[2026-09-07 19:38:07] Validating world save: 56%
[2026-09-07 19:38:07] Validating world save: 67%
[2026-09-07 19:38:07] Validating world save: 80%
[2026-09-07 19:38:07] Validating world save: 93%
[2026-09-07 19:38:07] Backing up world file
[2026-09-07 19:38:07] Saving world data: 2%
[2026-09-07 19:38:07] Saving world data: 5%
[2026-09-07 19:38:07] Saving world data: 9%
[2026-09-07 19:38:07] Saving world data: 13%
[2026-09-07 19:38:07] Saving world data: 17%
[2026-09-07 19:38:07] Saving world data: 21%
[2026-09-07 19:38:07] Saving world data: 25%
[2026-09-07 19:38:07] Saving world data: 29%
[2026-09-07 19:38:07] Saving world data: 33%
[2026-09-07 19:38:07] Saving world data: 37%
[2026-09-07 19:38:07] Saving world data: 41%
[2026-09-07 19:38:07] Saving world data: 44%
[2026-09-07 19:38:07] Saving world data: 48%
[2026-09-07 19:38:07] Saving world data: 52%
[2026-09-07 19:38:07] Saving world data: 56%
[2026-09-07 19:38:07] Saving world data: 60%
[2026-09-07 19:38:07] Saving world data: 64%
[2026-09-07 19:38:07] Saving world data: 67%
[2026-09-07 19:38:07] Saving world data: 71%
[2026-09-07 19:38:07] Saving world data: 75%
[2026-09-07 19:38:07] Saving world data: 79%
[2026-09-07 19:38:07] Saving world data: 80%
[2026-09-07 19:38:07] Saving world data: 82%
[2026-09-07 19:38:07] Saving world data: 86%
[2026-09-07 19:38:07] Saving world data: 90%
[2026-09-07 19:38:07] Saving world data: 94%
[2026-09-07 19:38:07] Saving world data: 97%
[2026-09-07 19:38:07] Saving world data: 100%
[2026-09-07 19:38:07] Validating world save: 17%
[2026-09-07 19:38:07] Validating world save: 36%
[2026-09-07 19:38:07] Validating world save: 49%
[2026-09-07 19:38:07] Validating world save: 64%
[2026-09-07 19:38:07] Validating world save: 77%
[2026-09-07 19:38:07] Validating world save: 92%
[2026-09-07 19:38:07] Backing up world file
[2026-09-07 19:38:07] 127.232.132.6:37659 is connecting...
[2026-09-07 19:38:07] Brown has joined.
[2026-09-07 19:38:07] Saving world data: 5%
[2026-09-07 19:38:07] Saving world data: 9%
[2026-09-07 19:38:07] Saving world data: 13%
[2026-09-07 19:38:07] Saving world data: 17%
[2026-09-07 19:38:07] Saving world data: 20%
[2026-09-07 19:38:07] Saving world data: 24%
[2026-09-07 19:38:07] Saving world data: 28%
[2026-09-07 19:38:07] Saving world data: 32%
[2026-09-07 19:38:07] Saving world data: 36%
[2026-09-07 19:38:07] Saving world data: 40%
[2026-09-07 19:38:07] Saving world data: 43%
[2026-09-07 19:38:07] Saving world data: 48%
[2026-09-07 19:38:07] Saving world data: 52%
[2026-09-07 19:38:07] Saving world data: 56%
[2026-09-07 19:38:07] Saving world data: 60%
[2026-09-07 19:38:07] Saving world data: 64%
[2026-09-07 19:38:07] Saving world data: 68%
[2026-09-07 19:38:07] Saving world data: 71%
[2026-09-07 19:38:07] Saving world data: 75%
[2026-09-07 19:38:07] Saving world data: 79%
[2026-09-07 19:38:07] Saving world data: 83%
[2026-09-07 19:38:07] Saving world data: 87%
[2026-09-07 19:38:07] Saving world data: 91%
[2026-09-07 19:38:07] Saving world data: 96%
[2026-09-07 19:38:07] Saving world data: 97%
[2026-09-07 19:38:07] Saving world data: 98%
[2026-09-07 19:38:07] Saving world data: 100%
[2026-09-07 19:38:07] Validating world save: 3%
[2026-09-07 19:38:07] Validating world save: 15%
[2026-09-07 19:38:07] Validating world save: 31%
[2026-09-07 19:38:07] Validating world save: 43%
[2026-09-07 19:38:07] Validating world save: 57%
[2026-09-07 19:38:07] Validating world save: 69%
[2026-09-07 19:38:07] Validating world save: 80%
[2026-09-07 19:38:07] Validating world save: 93%
[2026-09-07 19:38:07] Backing up world file
[2026-09-07 19:38:07] Saving world data: 4%
[2026-09-07 19:38:07] Saving world data: 8%
[2026-09-07 19:38:07] Saving world data: 13%
[2026-09-07 19:38:07] Saving world data: 17%
[2026-09-07 19:38:07] Saving world data: 21%
[2026-09-07 19:38:07] Saving world data: 26%
[2026-09-07 19:38:07] Saving world data: 30%
[2026-09-07 19:38:07] Saving world data: 34%
[2026-09-07 19:38:07] Saving world data: 38%
[2026-09-07 19:38:07] Saving world data: 42%
[2026-09-07 19:38:07] Saving world data: 46%
[2026-09-07 19:38:07] Saving world data: 50%
[2026-09-07 19:38:07] Saving world data: 55%
[2026-09-07 19:38:07] Saving world data: 59%
[2026-09-07 19:38:07] Saving world data: 63%
[2026-09-07 19:38:07] Saving world data: 67%
[2026-09-07 19:38:07] Saving world data: 71%
[2026-09-07 19:38:07] Saving world data: 74%
[2026-09-07 19:38:07] Saving world data: 78%
[2026-09-07 19:38:07] Saving world data: 82%
[2026-09-07 19:38:07] Saving world data: 86%
[2026-09-07 19:38:07] Saving world data: 90%
[2026-09-07 19:38:07] Saving world data: 95%
[2026-09-07 19:38:07] Saving world data: 97%
[2026-09-07 19:38:07] Saving world data: 100%
[2026-09-07 19:38:07] Validating world save: 14%
[2026-09-07 19:38:07] Validating world save: 34%
[2026-09-07 19:38:07] Validating world save: 48%
[2026-09-07 19:38:07] Validating world save: 65%
[2026-09-07 19:38:07] Validating world save: 81%
[2026-09-07 19:38:07] Validating world save: 97%
[2026-09-07 19:38:07] Backing up world file
[2026-09-07 19:38:07] maybemavis has left.
[2026-09-07 19:38:07] 127.190.221.119:36431 is connecting...
[2026-09-07 19:38:07] mavis has joined.
[2026-09-07 19:38:07] mavis has left.
[2026-09-07 19:38:07] 127.190.221.119:41703 is connecting...
[2026-09-07 19:38:07] maybemavis has joined.
[2026-09-07 19:38:07] Saving world data: 5%
[2026-09-07 19:38:07] Saving world data: 9%
[2026-09-07 19:38:07] Saving world data: 13%
[2026-09-07 19:38:07] Saving world data: 18%
[2026-09-07 19:38:07] Saving world data: 22%
[2026-09-07 19:38:07] Saving world data: 26%
[2026-09-07 19:38:07] Saving world data: 31%
[2026-09-07 19:38:07] Saving world data: 35%
[2026-09-07 19:38:07] Saving world data: 39%
[2026-09-07 19:38:07] Saving world data: 42%
[2026-09-07 19:38:07] Saving world data: 46%
[2026-09-07 19:38:07] Saving world data: 50%
[2026-09-07 19:38:07] Saving world data: 55%
[2026-09-07 19:38:07] Saving world data: 59%
[2026-09-07 19:38:07] Saving world data: 62%
[2026-09-07 19:38:07] Saving world data: 66%
[2026-09-07 19:38:07] Saving world data: 70%
[2026-09-07 19:38:07] Saving world data: 74%
[2026-09-07 19:38:07] Saving world data: 78%
[2026-09-07 19:38:07] Saving world data: 82%
[2026-09-07 19:38:07] Saving world data: 86%
[2026-09-07 19:38:07] Saving world data: 90%
[2026-09-07 19:38:07] Saving world data: 93%
[2026-09-07 19:38:07] Saving world data: 97%
[2026-09-07 19:38:07] Saving world data: 100%
[2026-09-07 19:38:07] Validating world save: 8%
[2026-09-07 19:38:07] Validating world save: 27%
[2026-09-07 19:38:07] Validating world save: 42%
[2026-09-07 19:38:07] Validating world save: 59%
[2026-09-07 19:38:07] Validating world save: 74%
[2026-09-07 19:38:07] Validating world save: 90%
[2026-09-07 19:38:07] Backing up world file
[2026-09-07 19:38:07] Saving world data: 5%
[2026-09-07 19:38:07] Saving world data: 9%
[2026-09-07 19:38:07] Saving world data: 14%
[2026-09-07 19:38:07] Saving world data: 18%
[2026-09-07 19:38:07] Saving world data: 22%
[2026-09-07 19:38:07] Saving world data: 27%
[2026-09-07 19:38:07] Saving world data: 31%
[2026-09-07 19:38:07] Saving world data: 35%
[2026-09-07 19:38:07] Saving world data: 39%
[2026-09-07 19:38:07] Saving world data: 43%
[2026-09-07 19:38:07] Saving world data: 47%
[2026-09-07 19:38:07] Saving world data: 51%
[2026-09-07 19:38:07] Saving world data: 56%
[2026-09-07 19:38:07] Saving world data: 60%
[2026-09-07 19:38:07] Saving world data: 63%
[2026-09-07 19:38:07] Saving world data: 67%
[2026-09-07 19:38:07] Saving world data: 72%
[2026-09-07 19:38:07] Saving world data: 75%
[2026-09-07 19:38:07] Saving world data: 79%
[2026-09-07 19:38:07] Saving world data: 83%
[2026-09-07 19:38:07] Saving world data: 87%
[2026-09-07 19:38:07] Saving world data: 92%
[2026-09-07 19:38:07] Saving world data: 96%
[2026-09-07 19:38:07] Saving world data: 99%
[2026-09-07 19:38:07] Saving world data: 100%
[2026-09-07 19:38:07] Validating world save: 9%
[2026-09-07 19:38:07] Validating world save: 29%
[2026-09-07 19:38:07] Validating world save: 43%
[2026-09-07 19:38:07] Validating world save: 61%
[2026-09-07 19:38:07] Validating world save: 77%
[2026-09-07 19:38:07] Validating world save: 89%
[2026-09-07 19:38:07] Backing up world file
[2026-09-07 19:38:07] Sakagi_Ri has left.
[2026-09-07 19:38:07] 127.190.221.119:50681 is connecting...
[2026-09-07 19:38:07] Sakagi_Ri has joined.
[2026-09-07 19:38:07] Saving world data: 5%
[2026-09-07 19:38:07] Saving world data: 9%
[2026-09-07 19:38:07] Saving world data: 13%
[2026-09-07 19:38:07] Saving world data: 17%
[2026-09-07 19:38:07] Saving world data: 22%
[2026-09-07 19:38:07] Saving world data: 26%
[2026-09-07 19:38:07] Saving world data: 30%
[2026-09-07 19:38:07] Saving world data: 33%
[2026-09-07 19:38:07] Saving world data: 37%
[2026-09-07 19:38:07] Saving world data: 41%
[2026-09-07 19:38:07] Saving world data: 44%
[2026-09-07 19:38:07] Saving world data: 48%
[2026-09-07 19:38:07] Saving world data: 52%
[2026-09-07 19:38:07] Saving world data: 56%
[2026-09-07 19:38:07] Saving world data: 60%
[2026-09-07 19:38:07] Saving world data: 63%
[2026-09-07 19:38:07] Saving world data: 67%
[2026-09-07 19:38:07] Saving world data: 70%
[2026-09-07 19:38:07] Saving world data: 74%
[2026-09-07 19:38:07] Saving world data: 78%
[2026-09-07 19:38:07] Saving world data: 82%
[2026-09-07 19:38:07] Saving world data: 85%
[2026-09-07 19:38:07] Saving world data: 89%
[2026-09-07 19:38:07] Saving world data: 93%
[2026-09-07 19:38:07] Saving world data: 97%
[2026-09-07 19:38:07] Saving world data: 100%
[2026-09-07 19:38:07] Validating world save: 14%
[2026-09-07 19:38:07] Validating world save: 32%
[2026-09-07 19:38:07] Validating world save: 45%
[2026-09-07 19:38:07] Validating world save: 61%
[2026-09-07 19:38:07] Validating world save: 68%
[2026-09-07 19:38:07] Validating world save: 84%
[2026-09-07 19:38:07] Validating world save: 99%
[2026-09-07 19:38:07] Backing up world file
[2026-09-07 19:38:07] maybemavis has left.
[2026-09-07 19:38:07] 127.190.221.119:39695 is connecting...
[2026-09-07 19:38:07] maybemavis has joined.
[2026-09-07 19:38:07] Sakagi_Ri has left.
[2026-09-07 19:38:07] 127.190.221.119:44019 is connecting...
[2026-09-07 19:38:07] Sakagi_Ri has joined.
[2026-09-07 19:38:07] Saving world data: 4%
[2026-09-07 19:38:07] Saving world data: 8%
[2026-09-07 19:38:07] Saving world data: 13%
[2026-09-07 19:38:07] Saving world data: 17%
[2026-09-07 19:38:07] Saving world data: 21%
[2026-09-07 19:38:07] Saving world data: 25%
[2026-09-07 19:38:07] Saving world data: 30%
[2026-09-07 19:38:07] Saving world data: 34%
[2026-09-07 19:38:07] Saving world data: 38%
[2026-09-07 19:38:07] Saving world data: 41%
[2026-09-07 19:38:07] Saving world data: 45%
[2026-09-07 19:38:07] Saving world data: 49%
[2026-09-07 19:38:07] Saving world data: 53%
[2026-09-07 19:38:07] Saving world data: 56%
[2026-09-07 19:38:07] Saving world data: 60%
[2026-09-07 19:38:07] Saving world data: 63%
[2026-09-07 19:38:07] Saving world data: 67%
[2026-09-07 19:38:07] Saving world data: 71%
[2026-09-07 19:38:07] Saving world data: 75%
[2026-09-07 19:38:07] Saving world data: 79%
[2026-09-07 19:38:07] Saving world data: 82%
[2026-09-07 19:38:07] Saving world data: 85%
[2026-09-07 19:38:07] Saving world data: 88%
[2026-09-07 19:38:07] Saving world data: 91%
[2026-09-07 19:38:07] Saving world data: 95%
[2026-09-07 19:38:07] Saving world data: 97%
[2026-09-07 19:38:07] Saving world data: 100%
[2026-09-07 19:38:07] Validating world save: 5%
[2026-09-07 19:38:07] Validating world save: 21%
[2026-09-07 19:38:07] Validating world save: 36%
[2026-09-07 19:38:07] Validating world save: 45%
[2026-09-07 19:38:07] Validating world save: 59%
[2026-09-07 19:38:07] Validating world save: 71%
[2026-09-07 19:38:07] Validating world save: 83%
[2026-09-07 19:38:07] Validating world save: 98%
[2026-09-07 19:38:07] Backing up world file
[2026-09-07 19:38:07] Brown has left.
[2026-09-07 19:38:07] 127.232.132.6:35797 is connecting...
[2026-09-07 19:38:07] Brown has joined.
[2026-09-07 19:38:07] maybemavis has left.
[2026-09-07 19:38:07] 127.190.221.119:36679 is connecting...
[2026-09-07 19:38:07] maybemavis has joined.
[2026-09-07 19:38:07] Saving world data: 5%
[2026-09-07 19:38:07] Saving world data: 9%
[2026-09-07 19:38:07] Saving world data: 14%
[2026-09-07 19:38:07] Saving world data: 18%
[2026-09-07 19:38:07] Saving world data: 22%
[2026-09-07 19:38:07] Saving world data: 26%
[2026-09-07 19:38:07] Saving world data: 30%
[2026-09-07 19:38:07] Saving world data: 34%
[2026-09-07 19:38:07] Saving world data: 38%
[2026-09-07 19:38:07] Saving world data: 42%
[2026-09-07 19:38:07] Saving world data: 45%
[2026-09-07 19:38:07] Saving world data: 49%
[2026-09-07 19:38:07] Saving world data: 53%
[2026-09-07 19:38:07] Saving world data: 57%
[2026-09-07 19:38:07] Saving world data: 61%
[2026-09-07 19:38:07] Saving world data: 65%
[2026-09-07 19:38:07] Saving world data: 69%
[2026-09-07 19:38:07] Saving world data: 72%
[2026-09-07 19:38:07] Saving world data: 76%
[2026-09-07 19:38:07] Saving world data: 80%
[2026-09-07 19:38:07] Saving world data: 84%
[2026-09-07 19:38:07] Saving world data: 88%
[2026-09-07 19:38:07] Saving world data: 91%
[2026-09-07 19:38:07] Saving world data: 95%
[2026-09-07 19:38:07] Saving world data: 99%
[2026-09-07 19:38:07] Saving world data: 100%
[2026-09-07 19:38:07] Validating world save: 7%
[2026-09-07 19:38:07] Validating world save: 26%
[2026-09-07 19:38:07] Validating world save: 41%
[2026-09-07 19:38:07] Validating world save: 57%
[2026-09-07 19:38:07] Validating world save: 71%
[2026-09-07 19:38:07] Validating world save: 83%
[2026-09-07 19:38:07] Validating world save: 99%
[2026-09-07 19:38:07] Backing up world file
[2026-09-07 19:38:07] Saving world data: 5%
[2026-09-07 19:38:07] Saving world data: 9%
[2026-09-07 19:38:07] Saving world data: 13%
[2026-09-07 19:38:07] Saving world data: 18%
[2026-09-07 19:38:07] Saving world data: 22%
[2026-09-07 19:38:07] Saving world data: 26%
[2026-09-07 19:38:07] Saving world data: 30%
[2026-09-07 19:38:07] Saving world data: 35%
[2026-09-07 19:38:07] Saving world data: 39%
[2026-09-07 19:38:07] Saving world data: 42%
[2026-09-07 19:38:07] Saving world data: 46%
[2026-09-07 19:38:07] Saving world data: 50%
[2026-09-07 19:38:07] Saving world data: 54%
[2026-09-07 19:38:07] Saving world data: 58%
[2026-09-07 19:38:07] Saving world data: 62%
[2026-09-07 19:38:07] Saving world data: 66%
[2026-09-07 19:38:07] Saving world data: 70%
[2026-09-07 19:38:07] Saving world data: 74%
[2026-09-07 19:38:07] Saving world data: 78%
[2026-09-07 19:38:07] Saving world data: 81%
[2026-09-07 19:38:07] Saving world data: 85%
[2026-09-07 19:38:07] Saving world data: 89%
[2026-09-07 19:38:07] Saving world data: 94%
[2026-09-07 19:38:07] Saving world data: 97%
[2026-09-07 19:38:07] Saving world data: 100%
[2026-09-07 19:38:07] Validating world save: 11%
[2026-09-07 19:38:07] Validating world save: 31%
[2026-09-07 19:38:07] Validating world save: 45%
[2026-09-07 19:38:07] Validating world save: 62%
[2026-09-07 19:38:07] Validating world save: 78%
[2026-09-07 19:38:07] Validating world save: 91%
[2026-09-07 19:38:07] Backing up world file
[2026-09-07 19:38:07] Saving world data: 4%
[2026-09-07 19:38:07] Saving world data: 8%
[2026-09-07 19:38:07] Saving world data: 13%
[2026-09-07 19:38:07] Saving world data: 17%
[2026-09-07 19:38:07] Saving world data: 21%
[2026-09-07 19:38:07] Saving world data: 25%
[2026-09-07 19:38:07] Saving world data: 30%
[2026-09-07 19:38:07] Saving world data: 34%
[2026-09-07 19:38:07] Saving world data: 38%
[2026-09-07 19:38:07] Saving world data: 42%
[2026-09-07 19:38:07] Saving world data: 46%
[2026-09-07 19:38:07] Saving world data: 50%
[2026-09-07 19:38:07] Saving world data: 54%
[2026-09-07 19:38:07] Saving world data: 58%
[2026-09-07 19:38:07] Saving world data: 62%
[2026-09-07 19:38:07] Saving world data: 66%
[2026-09-07 19:38:07] Saving world data: 70%
[2026-09-07 19:38:07] Saving world data: 73%
[2026-09-07 19:38:07] Saving world data: 77%
[2026-09-07 19:38:07] Saving world data: 80%
[2026-09-07 19:38:07] Saving world data: 84%
[2026-09-07 19:38:07] Saving world data: 87%
[2026-09-07 19:38:07] Saving world data: 91%
[2026-09-07 19:38:07] Saving world data: 94%
[2026-09-07 19:38:07] Saving world data: 97%
[2026-09-07 19:38:07] Saving world data: 100%
[2026-09-07 19:38:07] Validating world save: 14%
[2026-09-07 19:38:07] Validating world save: 31%
[2026-09-07 19:38:07] Validating world save: 43%
[2026-09-07 19:38:07] Validating world save: 59%
[2026-09-07 19:38:07] Validating world save: 72%
[2026-09-07 19:38:07] Validating world save: 87%
[2026-09-07 19:38:07] Validating world save: 97%
[2026-09-07 19:38:07] Backing up world file
[2026-09-07 19:38:07] maybemavis has left.
[2026-09-07 19:38:07] Saving world data: 4%
[2026-09-07 19:38:07] Saving world data: 7%
[2026-09-07 19:38:07] Saving world data: 11%
[2026-09-07 19:38:07] Saving world data: 14%
[2026-09-07 19:38:07] Saving world data: 17%
[2026-09-07 19:38:07] Saving world data: 20%
[2026-09-07 19:38:07] Saving world data: 23%
[2026-09-07 19:38:07] Saving world data: 27%
[2026-09-07 19:38:07] Saving world data: 30%
[2026-09-07 19:38:07] Saving world data: 33%
[2026-09-07 19:38:07] Saving world data: 36%
[2026-09-07 19:38:07] Saving world data: 39%
[2026-09-07 19:38:07] Saving world data: 42%
[2026-09-07 19:38:07] Saving world data: 45%
[2026-09-07 19:38:07] Saving world data: 48%
[2026-09-07 19:38:07] Saving world data: 51%
[2026-09-07 19:38:07] Saving world data: 54%
[2026-09-07 19:38:07] Saving world data: 57%
[2026-09-07 19:38:07] Saving world data: 60%
[2026-09-07 19:38:07] Saving world data: 63%
[2026-09-07 19:38:07] Saving world data: 66%
[2026-09-07 19:38:07] Saving world data: 69%
[2026-09-07 19:38:07] Saving world data: 72%
[2026-09-07 19:38:07] Saving world data: 75%
[2026-09-07 19:38:07] Saving world data: 78%
[2026-09-07 19:38:07] Saving world data: 81%
[2026-09-07 19:38:07] Saving world data: 84%
[2026-09-07 19:38:07] Saving world data: 87%
[2026-09-07 19:38:07] Saving world data: 90%
[2026-09-07 19:38:07] Saving world data: 93%
[2026-09-07 19:38:07] Saving world data: 96%
[2026-09-07 19:38:07] Saving world data: 99%
[2026-09-07 19:38:07] Saving world data: 100%
[2026-09-07 19:38:07] Validating world save: 15%
[2026-09-07 19:38:07] Validating world save: 31%
[2026-09-07 19:38:07] Validating world save: 42%
[2026-09-07 19:38:07] Validating world save: 55%
[2026-09-07 19:38:07] Validating world save: 67%
[2026-09-07 19:38:07] Validating world save: 79%
[2026-09-07 19:38:07] Validating world save: 89%
[2026-09-07 19:38:07] Backing up world file
[2026-09-07 19:38:07] <w> mai me fai
[2026-09-07 19:38:07] w has left.
[2026-09-07 19:38:07] Saving world data: 4%
[2026-09-07 19:38:07] Saving world data: 8%
[2026-09-07 19:38:07] Saving world data: 11%
[2026-09-07 19:38:07] Saving world data: 14%
[2026-09-07 19:38:07] Saving world data: 19%
[2026-09-07 19:38:07] Saving world data: 23%
[2026-09-07 19:38:07] Saving world data: 27%
[2026-09-07 19:38:07] Saving world data: 32%
[2026-09-07 19:38:07] Saving world data: 36%
[2026-09-07 19:38:07] Saving world data: 40%
[2026-09-07 19:38:07] Saving world data: 44%
[2026-09-07 19:38:07] Saving world data: 48%
[2026-09-07 19:38:07] Saving world data: 53%
[2026-09-07 19:38:07] Saving world data: 57%
[2026-09-07 19:38:07] Saving world data: 61%
[2026-09-07 19:38:07] Saving world data: 65%
[2026-09-07 19:38:07] Saving world data: 69%
[2026-09-07 19:38:07] Saving world data: 73%
[2026-09-07 19:38:07] Saving world data: 77%
[2026-09-07 19:38:07] Saving world data: 81%
[2026-09-07 19:38:07] Saving world data: 85%
[2026-09-07 19:38:07] Saving world data: 90%
[2026-09-07 19:38:07] Saving world data: 94%
[2026-09-07 19:38:07] Saving world data: 97%
[2026-09-07 19:38:07] Saving world data: 100%
[2026-09-07 19:38:07] Validating world save: 2%
[2026-09-07 19:38:07] Validating world save: 22%
[2026-09-07 19:38:07] Validating world save: 40%
[2026-09-07 19:38:07] Validating world save: 56%
[2026-09-07 19:38:07] Validating world save: 71%
[2026-09-07 19:38:07] Validating world save: 87%
[2026-09-07 19:38:07] Backing up world file
[2026-09-07 19:38:07] Saving world data: 4%
[2026-09-07 19:38:07] Saving world data: 7%
[2026-09-07 19:38:07] Saving world data: 11%
[2026-09-07 19:38:07] Saving world data: 14%
[2026-09-07 19:38:07] Saving world data: 17%
[2026-09-07 19:38:07] Saving world data: 20%
[2026-09-07 19:38:07] Saving world data: 23%
[2026-09-07 19:38:07] Saving world data: 26%
[2026-09-07 19:38:07] Saving world data: 29%
[2026-09-07 19:38:07] Saving world data: 32%
[2026-09-07 19:38:07] Saving world data: 35%
[2026-09-07 19:38:07] Saving world data: 38%
[2026-09-07 19:38:07] Saving world data: 41%
[2026-09-07 19:38:07] Saving world data: 44%
[2026-09-07 19:38:07] Saving world data: 47%
[2026-09-07 19:38:07] Saving world data: 50%
[2026-09-07 19:38:07] Saving world data: 53%
[2026-09-07 19:38:07] Saving world data: 56%
[2026-09-07 19:38:07] Saving world data: 59%
[2026-09-07 19:38:07] Saving world data: 62%
[2026-09-07 19:38:07] Saving world data: 64%
[2026-09-07 19:38:07] Saving world data: 67%
[2026-09-07 19:38:07] Saving world data: 70%
[2026-09-07 19:38:07] Saving world data: 73%
[2026-09-07 19:38:07] Saving world data: 76%
[2026-09-07 19:38:07] Saving world data: 79%
[2026-09-07 19:38:07] Saving world data: 82%
[2026-09-07 19:38:07] Saving world data: 85%
[2026-09-07 19:38:07] Saving world data: 87%
[2026-09-07 19:38:07] Saving world data: 92%
[2026-09-07 19:38:07] Saving world data: 96%
[2026-09-07 19:38:07] Saving world data: 100%
[2026-09-07 19:38:07] Validating world save: 14%
[2026-09-07 19:38:07] Validating world save: 34%
[2026-09-07 19:38:07] Validating world save: 49%
[2026-09-07 19:38:07] Validating world save: 66%
[2026-09-07 19:38:07] Validating world save: 81%
[2026-09-07 19:38:07] Validating world save: 100%
[2026-09-07 19:38:07] Backing up world file
[2026-09-07 19:38:07] Saving world data: 5%
[2026-09-07 19:38:07] Saving world data: 9%
[2026-09-07 19:38:07] Saving world data: 13%
[2026-09-07 19:38:07] Saving world data: 17%
[2026-09-07 19:38:07] Saving world data: 22%
[2026-09-07 19:38:07] Saving world data: 26%
[2026-09-07 19:38:07] Saving world data: 30%
[2026-09-07 19:38:07] Saving world data: 35%
[2026-09-07 19:38:07] Saving world data: 39%
[2026-09-07 19:38:07] Saving world data: 42%
[2026-09-07 19:38:07] Saving world data: 46%
[2026-09-07 19:38:07] Saving world data: 50%
[2026-09-07 19:38:07] Saving world data: 54%
[2026-09-07 19:38:07] Saving world data: 58%
[2026-09-07 19:38:07] Saving world data: 62%
[2026-09-07 19:38:07] Saving world data: 66%
[2026-09-07 19:38:07] Saving world data: 70%
[2026-09-07 19:38:07] Saving world data: 74%
[2026-09-07 19:38:07] Saving world data: 78%
[2026-09-07 19:38:07] Saving world data: 82%
[2026-09-07 19:38:07] Saving world data: 86%
[2026-09-07 19:38:07] Saving world data: 90%
[2026-09-07 19:38:07] Saving world data: 95%
[2026-09-07 19:38:07] Saving world data: 98%
[2026-09-07 19:38:07] Saving world data: 100%
[2026-09-07 19:38:07] Validating world save: 5%
[2026-09-07 19:38:07] Validating world save: 26%
[2026-09-07 19:38:07] Validating world save: 42%
[2026-09-07 19:38:07] Validating world save: 59%
[2026-09-07 19:38:07] Validating world save: 75%
[2026-09-07 19:38:07] Validating world save: 91%
[2026-09-07 19:38:07] Backing up world file
[2026-09-07 19:38:07] Brown has left.
[2026-09-07 19:38:07] Saving world data: 4%
[2026-09-07 19:38:07] Saving world data: 8%
[2026-09-07 19:38:07] Saving world data: 11%
[2026-09-07 19:38:07] Saving world data: 15%
[2026-09-07 19:38:07] Saving world data: 18%
[2026-09-07 19:38:07] Saving world data: 22%
[2026-09-07 19:38:07] Saving world data: 25%
[2026-09-07 19:38:07] Saving world data: 29%
[2026-09-07 19:38:07] Saving world data: 32%
[2026-09-07 19:38:07] Saving world data: 36%
[2026-09-07 19:38:07] Saving world data: 39%
[2026-09-07 19:38:07] Saving world data: 42%
[2026-09-07 19:38:07] Saving world data: 45%
[2026-09-07 19:38:07] Saving world data: 48%
[2026-09-07 19:38:07] Saving world data: 52%
[2026-09-07 19:38:07] Saving world data: 55%
[2026-09-07 19:38:07] Saving world data: 59%
[2026-09-07 19:38:07] Saving world data: 62%
[2026-09-07 19:38:07] Saving world data: 65%
[2026-09-07 19:38:07] Saving world data: 68%
[2026-09-07 19:38:07] Saving world data: 72%
[2026-09-07 19:38:07] Saving world data: 75%
[2026-09-07 19:38:07] Saving world data: 78%
[2026-09-07 19:38:07] Saving world data: 81%
[2026-09-07 19:38:07] Saving world data: 84%
[2026-09-07 19:38:07] Saving world data: 88%
[2026-09-07 19:38:07] Saving world data: 91%
[2026-09-07 19:38:07] Saving world data: 95%
[2026-09-07 19:38:07] Saving world data: 99%
[2026-09-07 19:38:07] Saving world data: 100%
[2026-09-07 19:38:07] Validating world save: 7%
[2026-09-07 19:38:07] Validating world save: 28%
[2026-09-07 19:38:07] Validating world save: 41%
[2026-09-07 19:38:07] Validating world save: 54%
[2026-09-07 19:38:07] Validating world save: 70%
[2026-09-07 19:38:07] Validating world save: 86%
[2026-09-07 19:38:07] Backing up world file
[2026-09-07 19:38:07] Saving world data: 5%
[2026-09-07 19:38:07] Saving world data: 9%
[2026-09-07 19:38:07] Saving world data: 13%
[2026-09-07 19:38:07] Saving world data: 17%
[2026-09-07 19:38:07] Saving world data: 22%
[2026-09-07 19:38:07] Saving world data: 26%
[2026-09-07 19:38:07] Saving world data: 30%
[2026-09-07 19:38:07] Saving world data: 34%
[2026-09-07 19:38:07] Saving world data: 37%
[2026-09-07 19:38:07] Saving world data: 41%
[2026-09-07 19:38:07] Saving world data: 44%
[2026-09-07 19:38:07] Saving world data: 48%
[2026-09-07 19:38:07] Saving world data: 52%
[2026-09-07 19:38:07] Saving world data: 55%
[2026-09-07 19:38:07] Saving world data: 57%
[2026-09-07 19:38:07] Saving world data: 59%
[2026-09-07 19:38:07] Saving world data: 63%
[2026-09-07 19:38:07] Saving world data: 66%
[2026-09-07 19:38:07] Saving world data: 70%
[2026-09-07 19:38:07] Saving world data: 75%
[2026-09-07 19:38:07] Saving world data: 79%
[2026-09-07 19:38:07] Saving world data: 82%
[2026-09-07 19:38:07] Saving world data: 87%
[2026-09-07 19:38:07] Saving world data: 91%
[2026-09-07 19:38:07] Saving world data: 95%
[2026-09-07 19:38:07] Saving world data: 99%
[2026-09-07 19:38:07] Saving world data: 100%
[2026-09-07 19:38:07] Validating world save: 18%
[2026-09-07 19:38:07] Validating world save: 37%
[2026-09-07 19:38:07] Validating world save: 51%
[2026-09-07 19:38:07] Validating world save: 67%
[2026-09-07 19:38:07] Validating world save: 82%
[2026-09-07 19:38:07] Validating world save: 97%
[2026-09-07 19:38:07] Backing up world file
[2026-09-07 19:38:07] Saving world data: 5%
[2026-09-07 19:38:07] Saving world data: 9%
[2026-09-07 19:38:07] Saving world data: 13%
[2026-09-07 19:38:07] Saving world data: 17%
[2026-09-07 19:38:07] Saving world data: 22%
[2026-09-07 19:38:07] Saving world data: 26%
[2026-09-07 19:38:07] Saving world data: 30%
[2026-09-07 19:38:07] Saving world data: 34%
[2026-09-07 19:38:07] Saving world data: 38%
[2026-09-07 19:38:07] Saving world data: 41%
[2026-09-07 19:38:07] Saving world data: 45%
[2026-09-07 19:38:07] Saving world data: 49%
[2026-09-07 19:38:07] Saving world data: 54%
[2026-09-07 19:38:07] Saving world data: 58%
[2026-09-07 19:38:07] Saving world data: 62%
[2026-09-07 19:38:07] Saving world data: 66%
[2026-09-07 19:38:07] Saving world data: 70%
[2026-09-07 19:38:07] Saving world data: 74%
[2026-09-07 19:38:07] Saving world data: 78%
[2026-09-07 19:38:07] Saving world data: 82%
[2026-09-07 19:38:07] Saving world data: 86%
[2026-09-07 19:38:07] Saving world data: 90%
[2026-09-07 19:38:07] Saving world data: 95%
[2026-09-07 19:38:07] Saving world data: 98%
[2026-09-07 19:38:07] Saving world data: 100%
[2026-09-07 19:38:07] Validating world save: 1%
[2026-09-07 19:38:07] Validating world save: 13%
[2026-09-07 19:38:07] Validating world save: 31%
[2026-09-07 19:38:07] Validating world save: 45%
[2026-09-07 19:38:07] Validating world save: 63%
[2026-09-07 19:38:07] Validating world save: 79%
[2026-09-07 19:38:07] Validating world save: 96%
[2026-09-07 19:38:07] Backing up world file
[2026-09-07 19:38:07] Saving world data: 5%
[2026-09-07 19:38:07] Saving world data: 9%
[2026-09-07 19:38:07] Saving world data: 14%
[2026-09-07 19:38:07] Saving world data: 18%
[2026-09-07 19:38:07] Saving world data: 22%
[2026-09-07 19:38:07] Saving world data: 27%
[2026-09-07 19:38:07] Saving world data: 31%
[2026-09-07 19:38:07] Saving world data: 35%
[2026-09-07 19:38:07] Saving world data: 39%
[2026-09-07 19:38:07] Saving world data: 43%
[2026-09-07 19:38:07] Saving world data: 47%
[2026-09-07 19:38:07] Saving world data: 51%
[2026-09-07 19:38:07] Saving world data: 56%
[2026-09-07 19:38:07] Saving world data: 60%
[2026-09-07 19:38:07] Saving world data: 64%
[2026-09-07 19:38:07] Saving world data: 68%
[2026-09-07 19:38:07] Saving world data: 72%
[2026-09-07 19:38:07] Saving world data: 75%
[2026-09-07 19:38:07] Saving world data: 78%
[2026-09-07 19:38:07] Saving world data: 82%
[2026-09-07 19:38:07] Saving world data: 86%
[2026-09-07 19:38:07] Saving world data: 90%
[2026-09-07 19:38:07] Saving world data: 94%
[2026-09-07 19:38:07] Saving world data: 98%
[2026-09-07 19:38:07] Saving world data: 100%
[2026-09-07 19:38:07] Validating world save: 3%
[2026-09-07 19:38:07] Validating world save: 23%
[2026-09-07 19:38:07] Validating world save: 40%
[2026-09-07 19:38:07] Validating world save: 56%
[2026-09-07 19:38:07] Validating world save: 72%
[2026-09-07 19:38:07] Validating world save: 88%
[2026-09-07 19:38:07] Backing up world file
[2026-09-07 19:38:07] Saving world data: 2%
[2026-09-07 19:38:07] Saving world data: 4%
[2026-09-07 19:38:07] Saving world data: 8%
[2026-09-07 19:38:07] Saving world data: 11%
[2026-09-07 19:38:07] Saving world data: 15%
[2026-09-07 19:38:07] Saving world data: 18%
[2026-09-07 19:38:07] Saving world data: 22%
[2026-09-07 19:38:07] Saving world data: 25%
[2026-09-07 19:38:07] Saving world data: 29%
[2026-09-07 19:38:07] Saving world data: 32%
[2026-09-07 19:38:07] Saving world data: 36%
[2026-09-07 19:38:07] Saving world data: 39%
[2026-09-07 19:38:07] Saving world data: 42%
[2026-09-07 19:38:07] Saving world data: 45%
[2026-09-07 19:38:07] Saving world data: 48%
[2026-09-07 19:38:07] Saving world data: 52%
[2026-09-07 19:38:07] Saving world data: 55%
[2026-09-07 19:38:07] Saving world data: 59%
[2026-09-07 19:38:07] Saving world data: 62%
[2026-09-07 19:38:07] Saving world data: 65%
[2026-09-07 19:38:07] Saving world data: 68%
[2026-09-07 19:38:07] Saving world data: 71%
[2026-09-07 19:38:07] Saving world data: 75%
[2026-09-07 19:38:07] Saving world data: 78%
[2026-09-07 19:38:07] Saving world data: 81%
[2026-09-07 19:38:07] Saving world data: 85%
[2026-09-07 19:38:07] Saving world data: 88%
[2026-09-07 19:38:07] Saving world data: 91%
[2026-09-07 19:38:07] Saving world data: 95%
[2026-09-07 19:38:07] Saving world data: 98%
[2026-09-07 19:38:07] Saving world data: 100%
[2026-09-07 19:38:07] Validating world save: 8%
[2026-09-07 19:38:07] Validating world save: 24%
[2026-09-07 19:38:07] Validating world save: 39%
[2026-09-07 19:38:07] Validating world save: 52%
[2026-09-07 19:38:07] Validating world save: 65%
[2026-09-07 19:38:07] Validating world save: 79%
[2026-09-07 19:38:07] Validating world save: 93%
[2026-09-07 19:38:07] Backing up world file
[2026-09-07 19:38:07] Saving world data: 5%
[2026-09-07 19:38:07] Saving world data: 9%
[2026-09-07 19:38:07] Saving world data: 14%
[2026-09-07 19:38:07] Saving world data: 18%
[2026-09-07 19:38:07] Saving world data: 23%
[2026-09-07 19:38:07] Saving world data: 27%
[2026-09-07 19:38:07] Saving world data: 32%
[2026-09-07 19:38:07] Saving world data: 36%
[2026-09-07 19:38:07] Saving world data: 40%
[2026-09-07 19:38:07] Saving world data: 44%
[2026-09-07 19:38:07] Saving world data: 49%
[2026-09-07 19:38:07] Saving world data: 53%
[2026-09-07 19:38:07] Saving world data: 58%
[2026-09-07 19:38:07] Saving world data: 62%
[2026-09-07 19:38:07] Saving world data: 66%
[2026-09-07 19:38:07] Saving world data: 70%
[2026-09-07 19:38:07] Saving world data: 74%
[2026-09-07 19:38:07] Saving world data: 77%
[2026-09-07 19:38:07] Saving world data: 81%
[2026-09-07 19:38:07] Saving world data: 86%
[2026-09-07 19:38:07] Saving world data: 90%
[2026-09-07 19:38:07] Saving world data: 94%
[2026-09-07 19:38:07] Saving world data: 98%
[2026-09-07 19:38:07] Saving world data: 100%
[2026-09-07 19:38:07] Validating world save: 5%
[2026-09-07 19:38:07] Validating world save: 23%
[2026-09-07 19:38:07] Validating world save: 40%
[2026-09-07 19:38:07] Validating world save: 57%
[2026-09-07 19:38:07] Validating world save: 73%
[2026-09-07 19:38:07] Validating world save: 89%
[2026-09-07 19:38:07] Backing up world file
[2026-09-07 19:38:07] Saving world data: 5%
[2026-09-07 19:38:07] Saving world data: 9%
[2026-09-07 19:38:07] Saving world data: 13%
[2026-09-07 19:38:07] Saving world data: 17%
[2026-09-07 19:38:07] Saving world data: 22%
[2026-09-07 19:38:07] Saving world data: 26%
[2026-09-07 19:38:07] Saving world data: 30%
[2026-09-07 19:38:07] Saving world data: 34%
[2026-09-07 19:38:07] Saving world data: 38%
[2026-09-07 19:38:07] Saving world data: 42%
[2026-09-07 19:38:07] Saving world data: 46%
[2026-09-07 19:38:07] Saving world data: 51%
[2026-09-07 19:38:07] Saving world data: 55%
[2026-09-07 19:38:07] Saving world data: 59%
[2026-09-07 19:38:07] Saving world data: 62%
[2026-09-07 19:38:07] Saving world data: 66%
[2026-09-07 19:38:07] Saving world data: 70%
[2026-09-07 19:38:07] Saving world data: 74%
[2026-09-07 19:38:07] Saving world data: 78%
[2026-09-07 19:38:07] Saving world data: 81%
[2026-09-07 19:38:07] Saving world data: 85%
[2026-09-07 19:38:07] Saving world data: 89%
[2026-09-07 19:38:07] Saving world data: 93%
[2026-09-07 19:38:07] Saving world data: 96%
[2026-09-07 19:38:07] Saving world data: 100%
[2026-09-07 19:38:07] Validating world save: 14%
[2026-09-07 19:38:07] Validating world save: 32%
[2026-09-07 19:38:07] Validating world save: 45%
[2026-09-07 19:38:07] Validating world save: 59%
[2026-09-07 19:38:07] Validating world save: 75%
[2026-09-07 19:38:07] Validating world save: 91%
[2026-09-07 19:38:07] Backing up world file
[2026-09-07 19:38:07] Saving world data: 5%
[2026-09-07 19:38:07] Saving world data: 9%
[2026-09-07 19:38:07] Saving world data: 13%
[2026-09-07 19:38:07] Saving world data: 17%
[2026-09-07 19:38:07] Saving world data: 21%
[2026-09-07 19:38:07] Saving world data: 25%
[2026-09-07 19:38:07] Saving world data: 30%
[2026-09-07 19:38:07] Saving world data: 34%
[2026-09-07 19:38:07] Saving world data: 38%
[2026-09-07 19:38:07] Saving world data: 41%
[2026-09-07 19:38:07] Saving world data: 45%
[2026-09-07 19:38:07] Saving world data: 48%
[2026-09-07 19:38:07] Saving world data: 52%
[2026-09-07 19:38:07] Saving world data: 56%
[2026-09-07 19:38:07] Saving world data: 59%
[2026-09-07 19:38:07] Saving world data: 63%
[2026-09-07 19:38:07] Saving world data: 66%
[2026-09-07 19:38:07] Saving world data: 70%
[2026-09-07 19:38:07] Saving world data: 74%
[2026-09-07 19:38:07] Saving world data: 78%
[2026-09-07 19:38:07] Saving world data: 82%
[2026-09-07 19:38:07] Saving world data: 86%
[2026-09-07 19:38:07] Saving world data: 90%
[2026-09-07 19:38:07] Saving world data: 94%
[2026-09-07 19:38:07] Saving world data: 97%
[2026-09-07 19:38:07] Saving world data: 100%
[2026-09-07 19:38:07] Validating world save: 9%
[2026-09-07 19:38:07] Validating world save: 29%
[2026-09-07 19:38:07] Validating world save: 43%
[2026-09-07 19:38:07] Validating world save: 60%
[2026-09-07 19:38:07] Validating world save: 75%
[2026-09-07 19:38:07] Validating world save: 89%
[2026-09-07 19:38:07] Backing up world file
[2026-09-07 19:38:07] Saving world data: 5%
[2026-09-07 19:38:07] Saving world data: 10%
[2026-09-07 19:38:07] Saving world data: 14%
[2026-09-07 19:38:07] Saving world data: 19%
[2026-09-07 19:38:07] Saving world data: 23%
[2026-09-07 19:38:07] Saving world data: 27%
[2026-09-07 19:38:07] Saving world data: 31%
[2026-09-07 19:38:07] Saving world data: 35%
[2026-09-07 19:38:07] Saving world data: 39%
[2026-09-07 19:38:07] Saving world data: 43%
[2026-09-07 19:38:07] Saving world data: 47%
[2026-09-07 19:38:07] Saving world data: 51%
[2026-09-07 19:38:07] Saving world data: 55%
[2026-09-07 19:38:07] Saving world data: 60%
[2026-09-07 19:38:07] Saving world data: 63%
[2026-09-07 19:38:07] Saving world data: 68%
[2026-09-07 19:38:07] Saving world data: 72%
[2026-09-07 19:38:07] Saving world data: 75%
[2026-09-07 19:38:07] Saving world data: 79%
[2026-09-07 19:38:07] Saving world data: 83%
[2026-09-07 19:38:07] Saving world data: 87%
[2026-09-07 19:38:07] Saving world data: 92%
[2026-09-07 19:38:07] Saving world data: 96%
[2026-09-07 19:38:07] Saving world data: 99%
[2026-09-07 19:38:07] Saving world data: 100%
[2026-09-07 19:38:07] Validating world save: 10%
[2026-09-07 19:38:07] Validating world save: 30%
[2026-09-07 19:38:07] Validating world save: 43%
[2026-09-07 19:38:07] Validating world save: 60%
[2026-09-07 19:38:07] Validating world save: 74%
[2026-09-07 19:38:07] Validating world save: 89%
[2026-09-07 19:38:07] Backing up world file
[2026-09-07 19:38:07] Saving world data: 5%
[2026-09-07 19:38:07] Saving world data: 9%
[2026-09-07 19:38:07] Saving world data: 13%
[2026-09-07 19:38:07] Saving world data: 16%
[2026-09-07 19:38:07] Saving world data: 21%
[2026-09-07 19:38:07] Saving world data: 25%
[2026-09-07 19:38:07] Saving world data: 29%
[2026-09-07 19:38:07] Saving world data: 33%
[2026-09-07 19:38:07] Saving world data: 37%
[2026-09-07 19:38:07] Saving world data: 41%
[2026-09-07 19:38:07] Saving world data: 45%
[2026-09-07 19:38:07] Saving world data: 49%
[2026-09-07 19:38:07] Saving world data: 53%
[2026-09-07 19:38:07] Saving world data: 57%
[2026-09-07 19:38:07] Saving world data: 61%
[2026-09-07 19:38:07] Saving world data: 65%
[2026-09-07 19:38:07] Saving world data: 69%
[2026-09-07 19:38:07] Saving world data: 72%
[2026-09-07 19:38:07] Saving world data: 76%
[2026-09-07 19:38:07] Saving world data: 80%
[2026-09-07 19:38:07] Saving world data: 83%
[2026-09-07 19:38:07] Saving world data: 87%
[2026-09-07 19:38:07] Saving world data: 90%
[2026-09-07 19:38:07] Saving world data: 94%
[2026-09-07 19:38:07] Saving world data: 97%
[2026-09-07 19:38:07] Saving world data: 100%
[2026-09-07 19:38:07] Validating world save: 16%
[2026-09-07 19:38:07] Validating world save: 33%
[2026-09-07 19:38:07] Validating world save: 45%
[2026-09-07 19:38:07] Validating world save: 61%
[2026-09-07 19:38:07] Validating world save: 75%
[2026-09-07 19:38:07] Validating world save: 89%
[2026-09-07 19:38:07] Backing up world file
[2026-09-07 19:38:07] Saving world data: 5%
[2026-09-07 19:38:07] Saving world data: 9%
[2026-09-07 19:38:07] Saving world data: 13%
[2026-09-07 19:38:07] Saving world data: 17%
[2026-09-07 19:38:07] Saving world data: 21%
[2026-09-07 19:38:07] Saving world data: 25%
[2026-09-07 19:38:07] Saving world data: 29%
[2026-09-07 19:38:07] Saving world data: 33%
[2026-09-07 19:38:07] Saving world data: 37%
[2026-09-07 19:38:07] Saving world data: 41%
[2026-09-07 19:38:07] Saving world data: 44%
[2026-09-07 19:38:07] Saving world data: 49%
[2026-09-07 19:38:07] Saving world data: 52%
[2026-09-07 19:38:07] Saving world data: 56%
[2026-09-07 19:38:07] Saving world data: 60%
[2026-09-07 19:38:07] Saving world data: 63%
[2026-09-07 19:38:07] Saving world data: 67%
[2026-09-07 19:38:07] Saving world data: 71%
[2026-09-07 19:38:07] Saving world data: 75%
[2026-09-07 19:38:07] Saving world data: 79%
[2026-09-07 19:38:07] Saving world data: 82%
[2026-09-07 19:38:07] Saving world data: 86%
[2026-09-07 19:38:07] Saving world data: 90%
[2026-09-07 19:38:07] Saving world data: 94%
[2026-09-07 19:38:07] Saving world data: 98%
[2026-09-07 19:38:07] Saving world data: 100%
[2026-09-07 19:38:07] Validating world save: 4%
[2026-09-07 19:38:07] Validating world save: 22%
[2026-09-07 19:38:07] Validating world save: 38%
[2026-09-07 19:38:07] Validating world save: 51%
[2026-09-07 19:38:07] Validating world save: 66%
[2026-09-07 19:38:07] Validating world save: 80%
[2026-09-07 19:38:07] Validating world save: 94%
[2026-09-07 19:38:07] Backing up world file
[2026-09-07 19:38:07] Sunny has left.
[2026-09-07 19:38:07] Saving world data: 4%
[2026-09-07 19:38:07] Saving world data: 8%
[2026-09-07 19:38:07] Saving world data: 11%
[2026-09-07 19:38:07] Saving world data: 15%
[2026-09-07 19:38:07] Saving world data: 18%
[2026-09-07 19:38:07] Saving world data: 22%
[2026-09-07 19:38:07] Saving world data: 25%
[2026-09-07 19:38:07] Saving world data: 28%
[2026-09-07 19:38:07] Saving world data: 32%
[2026-09-07 19:38:07] Saving world data: 35%
[2026-09-07 19:38:07] Saving world data: 38%
[2026-09-07 19:38:07] Saving world data: 41%
[2026-09-07 19:38:07] Saving world data: 44%
[2026-09-07 19:38:07] Saving world data: 48%
[2026-09-07 19:38:07] Saving world data: 51%
[2026-09-07 19:38:07] Saving world data: 54%
[2026-09-07 19:38:07] Saving world data: 57%
[2026-09-07 19:38:07] Saving world data: 61%
[2026-09-07 19:38:07] Saving world data: 63%
[2026-09-07 19:38:07] Saving world data: 67%
[2026-09-07 19:38:07] Saving world data: 70%
[2026-09-07 19:38:07] Saving world data: 73%
[2026-09-07 19:38:07] Saving world data: 77%
[2026-09-07 19:38:07] Saving world data: 80%
[2026-09-07 19:38:07] Saving world data: 83%
[2026-09-07 19:38:07] Saving world data: 86%
[2026-09-07 19:38:07] Saving world data: 89%
[2026-09-07 19:38:07] Saving world data: 92%
[2026-09-07 19:38:07] Saving world data: 96%
[2026-09-07 19:38:07] Saving world data: 98%
[2026-09-07 19:38:07] Saving world data: 100%
[2026-09-07 19:38:07] Validating world save: 16%
[2026-09-07 19:38:07] Validating world save: 29%
[2026-09-07 19:38:07] Validating world save: 43%
[2026-09-07 19:38:07] Validating world save: 61%
[2026-09-07 19:38:07] Validating world save: 76%
[2026-09-07 19:38:07] Validating world save: 92%
[2026-09-07 19:38:07] Backing up world file
[2026-09-07 19:38:07] Saving world data: 5%
[2026-09-07 19:38:07] Saving world data: 10%
[2026-09-07 19:38:07] Saving world data: 14%
[2026-09-07 19:38:07] Saving world data: 18%
[2026-09-07 19:38:07] Saving world data: 22%
[2026-09-07 19:38:07] Saving world data: 26%
[2026-09-07 19:38:07] Saving world data: 31%
[2026-09-07 19:38:07] Saving world data: 35%
[2026-09-07 19:38:07] Saving world data: 39%
[2026-09-07 19:38:07] Saving world data: 42%
[2026-09-07 19:38:07] Saving world data: 46%
[2026-09-07 19:38:07] Saving world data: 50%
[2026-09-07 19:38:07] Saving world data: 54%
[2026-09-07 19:38:07] Saving world data: 58%
[2026-09-07 19:38:07] Saving world data: 62%
[2026-09-07 19:38:07] Saving world data: 66%
[2026-09-07 19:38:07] Saving world data: 70%
[2026-09-07 19:38:07] Saving world data: 73%
[2026-09-07 19:38:07] Saving world data: 77%
[2026-09-07 19:38:07] Saving world data: 81%
[2026-09-07 19:38:07] Saving world data: 85%
[2026-09-07 19:38:07] Saving world data: 89%
[2026-09-07 19:38:07] Saving world data: 93%
[2026-09-07 19:38:07] Saving world data: 96%
[2026-09-07 19:38:07] Saving world data: 100%
[2026-09-07 19:38:07] Validating world save: 14%
[2026-09-07 19:38:07] Validating world save: 33%
[2026-09-07 19:38:07] Validating world save: 43%
[2026-09-07 19:38:07] Validating world save: 60%
[2026-09-07 19:38:07] Validating world save: 75%
[2026-09-07 19:38:07] Validating world save: 90%
[2026-09-07 19:38:07] Backing up world file
[2026-09-07 19:38:07] Saving world data: 2%
[2026-09-07 19:38:07] Saving world data: 4%
[2026-09-07 19:38:07] Saving world data: 9%
[2026-09-07 19:38:07] Saving world data: 13%
[2026-09-07 19:38:07] Saving world data: 17%
[2026-09-07 19:38:07] Saving world data: 22%
[2026-09-07 19:38:07] Saving world data: 26%
[2026-09-07 19:38:07] Saving world data: 30%
[2026-09-07 19:38:07] Saving world data: 35%
[2026-09-07 19:38:07] Saving world data: 39%
[2026-09-07 19:38:07] Saving world data: 42%
[2026-09-07 19:38:07] Saving world data: 46%
[2026-09-07 19:38:07] Saving world data: 50%
[2026-09-07 19:38:07] Saving world data: 55%
[2026-09-07 19:38:07] Saving world data: 59%
[2026-09-07 19:38:07] Saving world data: 63%
[2026-09-07 19:38:07] Saving world data: 67%
[2026-09-07 19:38:07] Saving world data: 71%
[2026-09-07 19:38:07] Saving world data: 75%
[2026-09-07 19:38:07] Saving world data: 79%
[2026-09-07 19:38:07] Saving world data: 82%
[2026-09-07 19:38:07] Saving world data: 87%
[2026-09-07 19:38:07] Saving world data: 91%
[2026-09-07 19:38:07] Saving world data: 95%
[2026-09-07 19:38:07] Saving world data: 98%
[2026-09-07 19:38:07] Saving world data: 100%
[2026-09-07 19:38:07] Validating world save: 15%
[2026-09-07 19:38:07] Validating world save: 35%
[2026-09-07 19:38:07] Validating world save: 48%
[2026-09-07 19:38:07] Validating world save: 64%
[2026-09-07 19:38:07] Validating world save: 79%
[2026-09-07 19:38:07] Validating world save: 96%
[2026-09-07 19:38:07] Backing up world file
[2026-09-07 19:38:07] Saving world data: 4%
[2026-09-07 19:38:07] Saving world data: 8%
[2026-09-07 19:38:07] Saving world data: 11%
[2026-09-07 19:38:07] Saving world data: 15%
[2026-09-07 19:38:07] Saving world data: 19%
[2026-09-07 19:38:07] Saving world data: 22%
[2026-09-07 19:38:07] Saving world data: 26%
[2026-09-07 19:38:07] Saving world data: 29%
[2026-09-07 19:38:07] Saving world data: 33%
[2026-09-07 19:38:07] Saving world data: 36%
[2026-09-07 19:38:07] Saving world data: 40%
[2026-09-07 19:38:07] Saving world data: 43%
[2026-09-07 19:38:07] Saving world data: 46%
[2026-09-07 19:38:07] Saving world data: 49%
[2026-09-07 19:38:07] Saving world data: 52%
[2026-09-07 19:38:07] Saving world data: 56%
[2026-09-07 19:38:07] Saving world data: 61%
[2026-09-07 19:38:07] Saving world data: 64%
[2026-09-07 19:38:07] Saving world data: 68%
[2026-09-07 19:38:07] Saving world data: 72%
[2026-09-07 19:38:07] Saving world data: 76%
[2026-09-07 19:38:07] Saving world data: 80%
[2026-09-07 19:38:07] Saving world data: 84%
[2026-09-07 19:38:07] Saving world data: 88%
[2026-09-07 19:38:07] Saving world data: 92%
[2026-09-07 19:38:07] Saving world data: 96%
[2026-09-07 19:38:07] Saving world data: 100%
[2026-09-07 19:38:07] Validating world save: 13%
[2026-09-07 19:38:07] Validating world save: 33%
[2026-09-07 19:38:07] Validating world save: 48%
[2026-09-07 19:38:07] Validating world save: 65%
[2026-09-07 19:38:07] Validating world save: 81%
[2026-09-07 19:38:07] Validating world save: 96%
[2026-09-07 19:38:07] Backing up world file
[2026-09-07 19:38:07] Saving world data: 5%
[2026-09-07 19:38:07] Saving world data: 9%
[2026-09-07 19:38:07] Saving world data: 13%
[2026-09-07 19:38:07] Saving world data: 18%
[2026-09-07 19:38:07] Saving world data: 22%
[2026-09-07 19:38:07] Saving world data: 26%
[2026-09-07 19:38:07] Saving world data: 31%
[2026-09-07 19:38:07] Saving world data: 35%
[2026-09-07 19:38:07] Saving world data: 39%
[2026-09-07 19:38:07] Saving world data: 42%
[2026-09-07 19:38:07] Saving world data: 46%
[2026-09-07 19:38:07] Saving world data: 49%
[2026-09-07 19:38:07] Saving world data: 53%
[2026-09-07 19:38:07] Saving world data: 57%
[2026-09-07 19:38:07] Saving world data: 61%
[2026-09-07 19:38:07] Saving world data: 65%
[2026-09-07 19:38:07] Saving world data: 69%
[2026-09-07 19:38:07] Saving world data: 72%
[2026-09-07 19:38:07] Saving world data: 76%
[2026-09-07 19:38:07] Saving world data: 80%
[2026-09-07 19:38:07] Saving world data: 83%
[2026-09-07 19:38:07] Saving world data: 87%
[2026-09-07 19:38:07] Saving world data: 91%
[2026-09-07 19:38:07] Saving world data: 96%
[2026-09-07 19:38:07] Saving world data: 99%
[2026-09-07 19:38:07] Saving world data: 100%
[2026-09-07 19:38:07] Validating world save: 9%
[2026-09-07 19:38:07] Validating world save: 28%
[2026-09-07 19:38:07] Validating world save: 42%
[2026-09-07 19:38:07] Validating world save: 59%
[2026-09-07 19:38:07] Validating world save: 75%
[2026-09-07 19:38:07] Validating world save: 90%
[2026-09-07 19:38:07] Backing up world file
[2026-09-07 19:38:07] Saving world data: 5%
[2026-09-07 19:38:07] Saving world data: 9%
[2026-09-07 19:38:07] Saving world data: 14%
[2026-09-07 19:38:07] Saving world data: 18%
[2026-09-07 19:38:07] Saving world data: 22%
[2026-09-07 19:38:07] Saving world data: 26%
[2026-09-07 19:38:07] Saving world data: 31%
[2026-09-07 19:38:07] Saving world data: 35%
[2026-09-07 19:38:07] Saving world data: 39%
[2026-09-07 19:38:07] Saving world data: 42%
[2026-09-07 19:38:07] Saving world data: 46%
[2026-09-07 19:38:07] Saving world data: 50%
[2026-09-07 19:38:07] Saving world data: 54%
[2026-09-07 19:38:07] Saving world data: 58%
[2026-09-07 19:38:07] Saving world data: 62%
[2026-09-07 19:38:07] Saving world data: 66%
[2026-09-07 19:38:07] Saving world data: 70%
[2026-09-07 19:38:07] Saving world data: 73%
[2026-09-07 19:38:07] Saving world data: 77%
[2026-09-07 19:38:07] Saving world data: 80%
[2026-09-07 19:38:07] Saving world data: 84%
[2026-09-07 19:38:07] Saving world data: 88%
[2026-09-07 19:38:07] Saving world data: 92%
[2026-09-07 19:38:07] Saving world data: 96%
[2026-09-07 19:38:07] Saving world data: 100%
[2026-09-07 19:38:07] Validating world save: 12%
[2026-09-07 19:38:07] Validating world save: 31%
[2026-09-07 19:38:07] Validating world save: 44%
[2026-09-07 19:38:07] Validating world save: 55%
[2026-09-07 19:38:07] Validating world save: 70%
[2026-09-07 19:38:07] Validating world save: 85%
[2026-09-07 19:38:07] Validating world save: 100%
[2026-09-07 19:38:07] Backing up world file
[2026-09-07 19:38:07] Saving world data: 2%
[2026-09-07 19:38:07] Saving world data: 4%
[2026-09-07 19:38:07] Saving world data: 8%
[2026-09-07 19:38:07] Saving world data: 12%
[2026-09-07 19:38:07] Saving world data: 16%
[2026-09-07 19:38:07] Saving world data: 21%
[2026-09-07 19:38:07] Saving world data: 25%
[2026-09-07 19:38:07] Saving world data: 29%
[2026-09-07 19:38:07] Saving world data: 34%
[2026-09-07 19:38:07] Saving world data: 38%
[2026-09-07 19:38:07] Saving world data: 42%
[2026-09-07 19:38:07] Saving world data: 45%
[2026-09-07 19:38:07] Saving world data: 50%
[2026-09-07 19:38:07] Saving world data: 54%
[2026-09-07 19:38:07] Saving world data: 58%
[2026-09-07 19:38:07] Saving world data: 62%
[2026-09-07 19:38:07] Saving world data: 66%
[2026-09-07 19:38:07] Saving world data: 69%
[2026-09-07 19:38:07] Saving world data: 74%
[2026-09-07 19:38:07] Saving world data: 78%
[2026-09-07 19:38:07] Saving world data: 81%
[2026-09-07 19:38:07] Saving world data: 86%
[2026-09-07 19:38:07] Saving world data: 90%
[2026-09-07 19:38:07] Saving world data: 94%
[2026-09-07 19:38:07] Saving world data: 97%
[2026-09-07 19:38:07] Saving world data: 100%
[2026-09-07 19:38:07] Validating world save: 1%
[2026-09-07 19:38:07] Validating world save: 20%
[2026-09-07 19:38:07] Validating world save: 39%
[2026-09-07 19:38:07] Validating world save: 53%
[2026-09-07 19:38:07] Validating world save: 64%
[2026-09-07 19:38:07] Validating world save: 72%
[2026-09-07 19:38:07] Validating world save: 84%
[2026-09-07 19:38:07] Backing up world file
[2026-09-07 19:38:07] Saving world data: 5%
[2026-09-07 19:38:07] Saving world data: 9%
[2026-09-07 19:38:07] Saving world data: 14%
[2026-09-07 19:38:07] Saving world data: 18%
[2026-09-07 19:38:07] Saving world data: 23%
[2026-09-07 19:38:07] Saving world data: 27%
[2026-09-07 19:38:07] Saving world data: 31%
[2026-09-07 19:38:07] Saving world data: 36%
[2026-09-07 19:38:07] Saving world data: 40%
[2026-09-07 19:38:07] Saving world data: 43%
[2026-09-07 19:38:07] Saving world data: 48%
[2026-09-07 19:38:07] Saving world data: 52%
[2026-09-07 19:38:07] Saving world data: 56%
[2026-09-07 19:38:07] Saving world data: 60%
[2026-09-07 19:38:07] Saving world data: 64%
[2026-09-07 19:38:07] Saving world data: 68%
[2026-09-07 19:38:07] Saving world data: 71%
[2026-09-07 19:38:07] Saving world data: 75%
[2026-09-07 19:38:07] Saving world data: 79%
[2026-09-07 19:38:07] Saving world data: 83%
[2026-09-07 19:38:07] Saving world data: 87%
[2026-09-07 19:38:07] Saving world data: 91%
[2026-09-07 19:38:07] Saving world data: 95%
[2026-09-07 19:38:07] Saving world data: 98%
[2026-09-07 19:38:07] Saving world data: 100%
[2026-09-07 19:38:07] Validating world save: 5%
[2026-09-07 19:38:07] Validating world save: 23%
[2026-09-07 19:38:07] Validating world save: 40%
[2026-09-07 19:38:07] Validating world save: 55%
[2026-09-07 19:38:07] Validating world save: 71%
[2026-09-07 19:38:07] Validating world save: 87%
[2026-09-07 19:38:07] Backing up world file
[2026-09-07 19:38:07] Saving world data: 2%
[2026-09-07 19:38:07] Saving world data: 5%
[2026-09-07 19:38:07] Saving world data: 9%
[2026-09-07 19:38:07] Saving world data: 14%
[2026-09-07 19:38:07] Saving world data: 18%
[2026-09-07 19:38:07] Saving world data: 22%
[2026-09-07 19:38:07] Saving world data: 27%
[2026-09-07 19:38:07] Saving world data: 31%
[2026-09-07 19:38:07] Saving world data: 35%
[2026-09-07 19:38:07] Saving world data: 39%
[2026-09-07 19:38:07] Saving world data: 43%
[2026-09-07 19:38:07] Saving world data: 47%
[2026-09-07 19:38:07] Saving world data: 51%
[2026-09-07 19:38:07] Saving world data: 56%
[2026-09-07 19:38:07] Saving world data: 60%
[2026-09-07 19:38:07] Saving world data: 63%
[2026-09-07 19:38:07] Saving world data: 68%
[2026-09-07 19:38:07] Saving world data: 70%
[2026-09-07 19:38:07] Saving world data: 75%
[2026-09-07 19:38:07] Saving world data: 79%
[2026-09-07 19:38:07] Saving world data: 82%
[2026-09-07 19:38:07] Saving world data: 87%
[2026-09-07 19:38:07] Saving world data: 91%
[2026-09-07 19:38:07] Saving world data: 95%
[2026-09-07 19:38:07] Saving world data: 99%
[2026-09-07 19:38:07] Saving world data: 100%
[2026-09-07 19:38:07] Validating world save: 16%
[2026-09-07 19:38:07] Validating world save: 36%
[2026-09-07 19:38:07] Validating world save: 50%
[2026-09-07 19:38:07] Validating world save: 67%
[2026-09-07 19:38:07] Validating world save: 82%
[2026-09-07 19:38:07] Backing up world file
[2026-09-07 19:38:07] Saving world data: 5%
[2026-09-07 19:38:07] Saving world data: 9%
[2026-09-07 19:38:07] Saving world data: 14%
[2026-09-07 19:38:07] Saving world data: 18%
[2026-09-07 19:38:07] Saving world data: 23%
[2026-09-07 19:38:07] Saving world data: 27%
[2026-09-07 19:38:07] Saving world data: 32%
[2026-09-07 19:38:07] Saving world data: 36%
[2026-09-07 19:38:07] Saving world data: 40%
[2026-09-07 19:38:07] Saving world data: 44%
[2026-09-07 19:38:07] Saving world data: 48%
[2026-09-07 19:38:07] Saving world data: 52%
[2026-09-07 19:38:07] Saving world data: 57%
[2026-09-07 19:38:07] Saving world data: 61%
[2026-09-07 19:38:07] Saving world data: 64%
[2026-09-07 19:38:07] Saving world data: 69%
[2026-09-07 19:38:07] Saving world data: 73%
[2026-09-07 19:38:07] Saving world data: 77%
[2026-09-07 19:38:07] Saving world data: 81%
[2026-09-07 19:38:07] Saving world data: 85%
[2026-09-07 19:38:07] Saving world data: 89%
[2026-09-07 19:38:07] Saving world data: 93%
[2026-09-07 19:38:07] Saving world data: 97%
[2026-09-07 19:38:07] Saving world data: 100%
[2026-09-07 19:38:07] Validating world save: 17%
[2026-09-07 19:38:07] Validating world save: 33%
[2026-09-07 19:38:07] Validating world save: 48%
[2026-09-07 19:38:07] Validating world save: 65%
[2026-09-07 19:38:07] Validating world save: 81%
[2026-09-07 19:38:07] Validating world save: 99%
[2026-09-07 19:38:07] Backing up world file
[2026-09-07 19:38:07] Saving world data: 4%
[2026-09-07 19:38:07] Saving world data: 8%
[2026-09-07 19:38:07] Saving world data: 13%
[2026-09-07 19:38:07] Saving world data: 17%
[2026-09-07 19:38:07] Saving world data: 21%
[2026-09-07 19:38:07] Saving world data: 25%
[2026-09-07 19:38:07] Saving world data: 30%
[2026-09-07 19:38:07] Saving world data: 34%
[2026-09-07 19:38:07] Saving world data: 38%
[2026-09-07 19:38:07] Saving world data: 42%
[2026-09-07 19:38:07] Saving world data: 46%
[2026-09-07 19:38:07] Saving world data: 51%
[2026-09-07 19:38:07] Saving world data: 55%
[2026-09-07 19:38:07] Saving world data: 59%
[2026-09-07 19:38:07] Saving world data: 63%
[2026-09-07 19:38:07] Saving world data: 67%
[2026-09-07 19:38:07] Saving world data: 72%
[2026-09-07 19:38:07] Saving world data: 75%
[2026-09-07 19:38:07] Saving world data: 79%
[2026-09-07 19:38:07] Saving world data: 83%
[2026-09-07 19:38:07] Saving world data: 88%
[2026-09-07 19:38:07] Saving world data: 92%
[2026-09-07 19:38:07] Saving world data: 96%
[2026-09-07 19:38:07] Saving world data: 100%
[2026-09-07 19:38:07] Validating world save: 14%
[2026-09-07 19:38:07] Validating world save: 34%
[2026-09-07 19:38:07] Validating world save: 48%
[2026-09-07 19:38:07] Validating world save: 65%
[2026-09-07 19:38:07] Validating world save: 82%
[2026-09-07 19:38:07] Backing up world file
[2026-09-07 19:38:07] Saving world data: 4%
[2026-09-07 19:38:07] Saving world data: 8%
[2026-09-07 19:38:07] Saving world data: 11%
[2026-09-07 19:38:07] Saving world data: 15%
[2026-09-07 19:38:07] Saving world data: 18%
[2026-09-07 19:38:07] Saving world data: 22%
[2026-09-07 19:38:07] Saving world data: 25%
[2026-09-07 19:38:07] Saving world data: 29%
[2026-09-07 19:38:07] Saving world data: 32%
[2026-09-07 19:38:07] Saving world data: 36%
[2026-09-07 19:38:07] Saving world data: 39%
[2026-09-07 19:38:07] Saving world data: 42%
[2026-09-07 19:38:07] Saving world data: 45%
[2026-09-07 19:38:07] Saving world data: 48%
[2026-09-07 19:38:07] Saving world data: 52%
[2026-09-07 19:38:07] Saving world data: 55%
[2026-09-07 19:38:07] Saving world data: 59%
[2026-09-07 19:38:07] Saving world data: 62%
[2026-09-07 19:38:07] Saving world data: 65%
[2026-09-07 19:38:07] Saving world data: 68%
[2026-09-07 19:38:07] Saving world data: 71%
[2026-09-07 19:38:07] Saving world data: 75%
[2026-09-07 19:38:07] Saving world data: 78%
[2026-09-07 19:38:07] Saving world data: 81%
[2026-09-07 19:38:07] Saving world data: 84%
[2026-09-07 19:38:07] Saving world data: 88%
[2026-09-07 19:38:07] Saving world data: 91%
[2026-09-07 19:38:07] Saving world data: 95%
[2026-09-07 19:38:07] Saving world data: 97%
[2026-09-07 19:38:07] Saving world data: 100%
[2026-09-07 19:38:07] Validating world save: 11%
[2026-09-07 19:38:07] Validating world save: 27%
[2026-09-07 19:38:07] Validating world save: 41%
[2026-09-07 19:38:07] Validating world save: 54%
[2026-09-07 19:38:07] Validating world save: 67%
[2026-09-07 19:38:07] Validating world save: 80%
[2026-09-07 19:38:07] Validating world save: 92%
[2026-09-07 19:38:07] Backing up world file
[2026-09-07 19:38:07] Saving world data: 5%
[2026-09-07 19:38:07] Saving world data: 9%
[2026-09-07 19:38:07] Saving world data: 13%
[2026-09-07 19:38:07] Saving world data: 16%
[2026-09-07 19:38:07] Saving world data: 20%
[2026-09-07 19:38:07] Saving world data: 23%
[2026-09-07 19:38:07] Saving world data: 27%
[2026-09-07 19:38:07] Saving world data: 30%
[2026-09-07 19:38:07] Saving world data: 34%
[2026-09-07 19:38:07] Saving world data: 37%
[2026-09-07 19:38:07] Saving world data: 40%
[2026-09-07 19:38:07] Saving world data: 43%
[2026-09-07 19:38:07] Saving world data: 47%
[2026-09-07 19:38:07] Saving world data: 50%
[2026-09-07 19:38:07] Saving world data: 54%
[2026-09-07 19:38:07] Saving world data: 57%
[2026-09-07 19:38:07] Saving world data: 60%
[2026-09-07 19:38:07] Saving world data: 63%
[2026-09-07 19:38:07] Saving world data: 66%
[2026-09-07 19:38:07] Saving world data: 70%
[2026-09-07 19:38:07] Saving world data: 73%
[2026-09-07 19:38:07] Saving world data: 77%
[2026-09-07 19:38:07] Saving world data: 79%
[2026-09-07 19:38:07] Saving world data: 83%
[2026-09-07 19:38:07] Saving world data: 87%
[2026-09-07 19:38:07] Saving world data: 91%
[2026-09-07 19:38:07] Saving world data: 95%
[2026-09-07 19:38:07] Saving world data: 99%
[2026-09-07 19:38:07] Saving world data: 100%
[2026-09-07 19:38:07] Validating world save: 6%
[2026-09-07 19:38:07] Validating world save: 26%
[2026-09-07 19:38:07] Validating world save: 42%
[2026-09-07 19:38:07] Validating world save: 56%
[2026-09-07 19:38:07] Validating world save: 69%
[2026-09-07 19:38:07] Validating world save: 85%
[2026-09-07 19:38:07] Backing up world file
[2026-09-07 19:38:07] Saving world data: 5%
[2026-09-07 19:38:07] Saving world data: 10%
[2026-09-07 19:38:07] Saving world data: 14%
[2026-09-07 19:38:07] Saving world data: 19%
[2026-09-07 19:38:07] Saving world data: 23%
[2026-09-07 19:38:07] Saving world data: 28%
[2026-09-07 19:38:07] Saving world data: 33%
[2026-09-07 19:38:07] Saving world data: 37%
[2026-09-07 19:38:07] Saving world data: 40%
[2026-09-07 19:38:07] Saving world data: 44%
[2026-09-07 19:38:07] Saving world data: 48%
[2026-09-07 19:38:07] Saving world data: 53%
[2026-09-07 19:38:07] Saving world data: 57%
[2026-09-07 19:38:07] Saving world data: 61%
[2026-09-07 19:38:07] Saving world data: 65%
[2026-09-07 19:38:07] Saving world data: 69%
[2026-09-07 19:38:07] Saving world data: 74%
[2026-09-07 19:38:07] Saving world data: 76%
[2026-09-07 19:38:07] Saving world data: 80%
[2026-09-07 19:38:07] Saving world data: 84%
[2026-09-07 19:38:07] Saving world data: 89%
[2026-09-07 19:38:07] Saving world data: 93%
[2026-09-07 19:38:07] Saving world data: 97%
[2026-09-07 19:38:07] Saving world data: 100%
[2026-09-07 19:38:07] Validating world save: 19%
[2026-09-07 19:38:07] Validating world save: 38%
[2026-09-07 19:38:07] Validating world save: 52%
[2026-09-07 19:38:07] Validating world save: 67%
[2026-09-07 19:38:07] Validating world save: 81%
[2026-09-07 19:38:07] Backing up world file
[2026-09-07 19:38:07] Saving world data: 4%
[2026-09-07 19:38:07] Saving world data: 8%
[2026-09-07 19:38:07] Saving world data: 13%
[2026-09-07 19:38:07] Saving world data: 17%
[2026-09-07 19:38:07] Saving world data: 21%
[2026-09-07 19:38:07] Saving world data: 26%
[2026-09-07 19:38:07] Saving world data: 30%
[2026-09-07 19:38:07] Saving world data: 35%
[2026-09-07 19:38:07] Saving world data: 39%
[2026-09-07 19:38:07] Saving world data: 42%
[2026-09-07 19:38:07] Saving world data: 47%
[2026-09-07 19:38:07] Saving world data: 50%
[2026-09-07 19:38:07] Saving world data: 55%
[2026-09-07 19:38:07] Saving world data: 59%
[2026-09-07 19:38:07] Saving world data: 63%
[2026-09-07 19:38:07] Saving world data: 67%
[2026-09-07 19:38:07] Saving world data: 71%
[2026-09-07 19:38:07] Saving world data: 74%
[2026-09-07 19:38:07] Saving world data: 78%
[2026-09-07 19:38:07] Saving world data: 82%
[2026-09-07 19:38:07] Saving world data: 86%
[2026-09-07 19:38:07] Saving world data: 90%
[2026-09-07 19:38:07] Saving world data: 95%
[2026-09-07 19:38:07] Saving world data: 98%
[2026-09-07 19:38:07] Saving world data: 100%
[2026-09-07 19:38:07] Validating world save: 2%
[2026-09-07 19:38:07] Validating world save: 22%
[2026-09-07 19:38:07] Validating world save: 40%
[2026-09-07 19:38:07] Validating world save: 55%
[2026-09-07 19:38:07] Validating world save: 71%
[2026-09-07 19:38:07] Validating world save: 85%
[2026-09-07 19:38:07] Validating world save: 100%
[2026-09-07 19:38:07] Backing up world file
[2026-09-07 19:38:07] Saving world data: 5%
[2026-09-07 19:38:07] Saving world data: 9%
[2026-09-07 19:38:07] Saving world data: 14%
[2026-09-07 19:38:07] Saving world data: 18%
[2026-09-07 19:38:07] Saving world data: 23%
[2026-09-07 19:38:07] Saving world data: 27%
[2026-09-07 19:38:07] Saving world data: 32%
[2026-09-07 19:38:07] Saving world data: 36%
[2026-09-07 19:38:07] Saving world data: 40%
[2026-09-07 19:38:07] Saving world data: 44%
[2026-09-07 19:38:07] Saving world data: 48%
[2026-09-07 19:38:07] Saving world data: 52%
[2026-09-07 19:38:07] Saving world data: 57%
[2026-09-07 19:38:07] Saving world data: 61%
[2026-09-07 19:38:07] Saving world data: 64%
[2026-09-07 19:38:07] Saving world data: 69%
[2026-09-07 19:38:07] Saving world data: 73%
[2026-09-07 19:38:07] Saving world data: 76%
[2026-09-07 19:38:07] Saving world data: 80%
[2026-09-07 19:38:07] Saving world data: 83%
[2026-09-07 19:38:07] Saving world data: 88%
[2026-09-07 19:38:07] Saving world data: 92%
[2026-09-07 19:38:07] Saving world data: 96%
[2026-09-07 19:38:07] Saving world data: 100%
[2026-09-07 19:38:07] Validating world save: 13%
[2026-09-07 19:38:07] Validating world save: 34%
[2026-09-07 19:38:07] Validating world save: 48%
[2026-09-07 19:38:07] Validating world save: 65%
[2026-09-07 19:38:07] Validating world save: 77%
[2026-09-07 19:38:07] Validating world save: 94%
[2026-09-07 19:38:07] Backing up world file
[2026-09-07 19:38:07] Saving world data: 5%
[2026-09-07 19:38:07] Saving world data: 9%
[2026-09-07 19:38:07] Saving world data: 14%
[2026-09-07 19:38:07] Saving world data: 18%
[2026-09-07 19:38:07] Saving world data: 22%
[2026-09-07 19:38:07] Saving world data: 26%
[2026-09-07 19:38:07] Saving world data: 30%
[2026-09-07 19:38:07] Saving world data: 34%
[2026-09-07 19:38:07] Saving world data: 38%
[2026-09-07 19:38:07] Saving world data: 42%
[2026-09-07 19:38:07] Saving world data: 45%
[2026-09-07 19:38:07] Saving world data: 49%
[2026-09-07 19:38:07] Saving world data: 53%
[2026-09-07 19:38:07] Saving world data: 57%
[2026-09-07 19:38:07] Saving world data: 61%
[2026-09-07 19:38:07] Saving world data: 64%
[2026-09-07 19:38:07] Saving world data: 68%
[2026-09-07 19:38:07] Saving world data: 72%
[2026-09-07 19:38:07] Saving world data: 76%
[2026-09-07 19:38:07] Saving world data: 80%
[2026-09-07 19:38:07] Saving world data: 83%
[2026-09-07 19:38:07] Saving world data: 87%
[2026-09-07 19:38:07] Saving world data: 91%
[2026-09-07 19:38:07] Saving world data: 95%
[2026-09-07 19:38:07] Saving world data: 98%
[2026-09-07 19:38:07] Saving world data: 100%
[2026-09-07 19:38:07] Validating world save: 1%
[2026-09-07 19:38:07] Validating world save: 10%
[2026-09-07 19:38:07] Validating world save: 20%
[2026-09-07 19:38:07] Validating world save: 38%
[2026-09-07 19:38:07] Validating world save: 53%
[2026-09-07 19:38:07] Validating world save: 69%
[2026-09-07 19:38:07] Validating world save: 85%
[2026-09-07 19:38:07] Validating world save: 96%
[2026-09-07 19:38:07] Backing up world file
[2026-09-07 19:38:07] Saving world data: 4%
[2026-09-07 19:38:07] Saving world data: 8%
[2026-09-07 19:38:07] Saving world data: 11%
[2026-09-07 19:38:07] Saving world data: 15%
[2026-09-07 19:38:07] Saving world data: 18%
[2026-09-07 19:38:07] Saving world data: 22%
[2026-09-07 19:38:07] Saving world data: 25%
[2026-09-07 19:38:07] Saving world data: 28%
[2026-09-07 19:38:07] Saving world data: 32%
[2026-09-07 19:38:07] Saving world data: 35%
[2026-09-07 19:38:07] Saving world data: 39%
[2026-09-07 19:38:07] Saving world data: 42%
[2026-09-07 19:38:07] Saving world data: 45%
[2026-09-07 19:38:07] Saving world data: 48%
[2026-09-07 19:38:07] Saving world data: 51%
[2026-09-07 19:38:07] Saving world data: 55%
[2026-09-07 19:38:07] Saving world data: 58%
[2026-09-07 19:38:07] Saving world data: 61%
[2026-09-07 19:38:07] Saving world data: 64%
[2026-09-07 19:38:07] Saving world data: 68%
[2026-09-07 19:38:07] Saving world data: 71%
[2026-09-07 19:38:07] Saving world data: 74%
[2026-09-07 19:38:07] Saving world data: 78%
[2026-09-07 19:38:07] Saving world data: 81%
[2026-09-07 19:38:07] Saving world data: 84%
[2026-09-07 19:38:07] Saving world data: 87%
[2026-09-07 19:38:07] Saving world data: 91%
[2026-09-07 19:38:07] Saving world data: 94%
[2026-09-07 19:38:07] Saving world data: 96%
[2026-09-07 19:38:07] Saving world data: 100%
[2026-09-07 19:38:07] Validating world save: 5%
[2026-09-07 19:38:07] Validating world save: 21%
[2026-09-07 19:38:07] Validating world save: 37%
[2026-09-07 19:38:07] Validating world save: 47%
[2026-09-07 19:38:07] Validating world save: 62%
[2026-09-07 19:38:07] Validating world save: 75%
[2026-09-07 19:38:07] Validating world save: 88%
[2026-09-07 19:38:07] Backing up world file
[2026-09-07 19:38:07] Saving world data: 5%
[2026-09-07 19:38:07] Saving world data: 9%
[2026-09-07 19:38:07] Saving world data: 14%
[2026-09-07 19:38:07] Saving world data: 18%
[2026-09-07 19:38:07] Saving world data: 23%
[2026-09-07 19:38:07] Saving world data: 27%
[2026-09-07 19:38:07] Saving world data: 32%
[2026-09-07 19:38:07] Saving world data: 37%
[2026-09-07 19:38:07] Saving world data: 40%
[2026-09-07 19:38:07] Saving world data: 44%
[2026-09-07 19:38:07] Saving world data: 49%
[2026-09-07 19:38:07] Saving world data: 53%
[2026-09-07 19:38:07] Saving world data: 57%
[2026-09-07 19:38:07] Saving world data: 61%
[2026-09-07 19:38:07] Saving world data: 65%
[2026-09-07 19:38:07] Saving world data: 70%
[2026-09-07 19:38:07] Saving world data: 74%
[2026-09-07 19:38:07] Saving world data: 78%
[2026-09-07 19:38:07] Saving world data: 81%
[2026-09-07 19:38:07] Saving world data: 86%
[2026-09-07 19:38:07] Saving world data: 90%
[2026-09-07 19:38:07] Saving world data: 94%
[2026-09-07 19:38:07] Saving world data: 98%
[2026-09-07 19:38:07] Saving world data: 100%
[2026-09-07 19:38:07] Validating world save: 4%
[2026-09-07 19:38:07] Validating world save: 19%
[2026-09-07 19:38:07] Validating world save: 38%
[2026-09-07 19:38:07] Validating world save: 53%
[2026-09-07 19:38:07] Validating world save: 68%
[2026-09-07 19:38:07] Validating world save: 82%
[2026-09-07 19:38:07] Backing up world file
[2026-09-07 19:38:07] Saving world data: 2%
[2026-09-07 19:38:07] Saving world data: 4%
[2026-09-07 19:38:07] Saving world data: 9%
[2026-09-07 19:38:07] Saving world data: 13%
[2026-09-07 19:38:07] Saving world data: 17%
[2026-09-07 19:38:07] Saving world data: 22%
[2026-09-07 19:38:07] Saving world data: 26%
[2026-09-07 19:38:07] Saving world data: 30%
[2026-09-07 19:38:07] Saving world data: 35%
[2026-09-07 19:38:07] Saving world data: 39%
[2026-09-07 19:38:07] Saving world data: 42%
[2026-09-07 19:38:07] Saving world data: 46%
[2026-09-07 19:38:07] Saving world data: 51%
[2026-09-07 19:38:07] Saving world data: 55%
[2026-09-07 19:38:07] Saving world data: 59%
[2026-09-07 19:38:07] Saving world data: 63%
[2026-09-07 19:38:07] Saving world data: 66%
[2026-09-07 19:38:07] Saving world data: 71%
[2026-09-07 19:38:07] Saving world data: 75%
[2026-09-07 19:38:07] Saving world data: 79%
[2026-09-07 19:38:07] Saving world data: 83%
[2026-09-07 19:38:07] Saving world data: 87%
[2026-09-07 19:38:07] Saving world data: 91%
[2026-09-07 19:38:07] Saving world data: 95%
[2026-09-07 19:38:07] Saving world data: 98%
[2026-09-07 19:38:07] Saving world data: 100%
[2026-09-07 19:38:07] Validating world save: 4%
[2026-09-07 19:38:07] Validating world save: 22%
[2026-09-07 19:38:07] Validating world save: 39%
[2026-09-07 19:38:07] Validating world save: 52%
[2026-09-07 19:38:07] Validating world save: 67%
[2026-09-07 19:38:07] Validating world save: 78%
[2026-09-07 19:38:07] Validating world save: 92%
[2026-09-07 19:38:07] Backing up world file
[2026-09-07 19:38:07] Saving world data: 5%
[2026-09-07 19:38:07] Saving world data: 9%
[2026-09-07 19:38:07] Saving world data: 13%
[2026-09-07 19:38:07] Saving world data: 18%
[2026-09-07 19:38:07] Saving world data: 22%
[2026-09-07 19:38:07] Saving world data: 27%
[2026-09-07 19:38:07] Saving world data: 30%
[2026-09-07 19:38:07] Saving world data: 35%
[2026-09-07 19:38:07] Saving world data: 39%
[2026-09-07 19:38:07] Saving world data: 42%
[2026-09-07 19:38:07] Saving world data: 47%
[2026-09-07 19:38:07] Saving world data: 51%
[2026-09-07 19:38:07] Saving world data: 55%
[2026-09-07 19:38:07] Saving world data: 59%
[2026-09-07 19:38:07] Saving world data: 63%
[2026-09-07 19:38:07] Saving world data: 67%
[2026-09-07 19:38:07] Saving world data: 72%
[2026-09-07 19:38:07] Saving world data: 75%
[2026-09-07 19:38:07] Saving world data: 79%
[2026-09-07 19:38:07] Saving world data: 82%
[2026-09-07 19:38:07] Saving world data: 87%
[2026-09-07 19:38:07] Saving world data: 91%
[2026-09-07 19:38:07] Saving world data: 95%
[2026-09-07 19:38:07] Saving world data: 99%
[2026-09-07 19:38:07] Saving world data: 100%
[2026-09-07 19:38:07] Validating world save: 11%
[2026-09-07 19:38:07] Validating world save: 28%
[2026-09-07 19:38:07] Validating world save: 41%
[2026-09-07 19:38:07] Validating world save: 55%
[2026-09-07 19:38:07] Validating world save: 68%
[2026-09-07 19:38:07] Validating world save: 81%
[2026-09-07 19:38:07] Validating world save: 97%
[2026-09-07 19:38:07] Backing up world file
[2026-09-07 19:38:07] Saving world data: 5%
[2026-09-07 19:38:07] Saving world data: 9%
[2026-09-07 19:38:07] Saving world data: 14%
[2026-09-07 19:38:07] Saving world data: 18%
[2026-09-07 19:38:07] Saving world data: 22%
[2026-09-07 19:38:07] Saving world data: 25%
[2026-09-07 19:38:07] Saving world data: 28%
[2026-09-07 19:38:07] Saving world data: 32%
[2026-09-07 19:38:07] Saving world data: 35%
[2026-09-07 19:38:07] Saving world data: 38%
[2026-09-07 19:38:07] Saving world data: 41%
[2026-09-07 19:38:07] Saving world data: 44%
[2026-09-07 19:38:07] Saving world data: 47%
[2026-09-07 19:38:07] Saving world data: 50%
[2026-09-07 19:38:07] Saving world data: 54%
[2026-09-07 19:38:07] Saving world data: 57%
[2026-09-07 19:38:07] Saving world data: 60%
[2026-09-07 19:38:07] Saving world data: 63%
[2026-09-07 19:38:07] Saving world data: 66%
[2026-09-07 19:38:07] Saving world data: 69%
[2026-09-07 19:38:07] Saving world data: 72%
[2026-09-07 19:38:07] Saving world data: 75%
[2026-09-07 19:38:07] Saving world data: 79%
[2026-09-07 19:38:07] Saving world data: 81%
[2026-09-07 19:38:07] Saving world data: 85%
[2026-09-07 19:38:07] Saving world data: 88%
[2026-09-07 19:38:07] Saving world data: 91%
[2026-09-07 19:38:07] Saving world data: 94%
[2026-09-07 19:38:07] Saving world data: 97%
[2026-09-07 19:38:07] Saving world data: 100%
[2026-09-07 19:38:07] Validating world save: 4%
[2026-09-07 19:38:07] Validating world save: 20%
[2026-09-07 19:38:07] Validating world save: 36%
[2026-09-07 19:38:07] Validating world save: 46%
[2026-09-07 19:38:07] Validating world save: 61%
[2026-09-07 19:38:07] Validating world save: 73%
[2026-09-07 19:38:07] Validating world save: 85%
[2026-09-07 19:38:07] Validating world save: 100%
[2026-09-07 19:38:07] Backing up world file
[2026-09-07 19:38:07] Saving world data: 5%
[2026-09-07 19:38:07] Saving world data: 9%
[2026-09-07 19:38:07] Saving world data: 14%
[2026-09-07 19:38:07] Saving world data: 18%
[2026-09-07 19:38:07] Saving world data: 23%
[2026-09-07 19:38:07] Saving world data: 27%
[2026-09-07 19:38:07] Saving world data: 31%
[2026-09-07 19:38:07] Saving world data: 36%
[2026-09-07 19:38:07] Saving world data: 39%
[2026-09-07 19:38:07] Saving world data: 43%
[2026-09-07 19:38:07] Saving world data: 47%
[2026-09-07 19:38:07] Saving world data: 51%
[2026-09-07 19:38:07] Saving world data: 56%
[2026-09-07 19:38:07] Saving world data: 60%
[2026-09-07 19:38:07] Saving world data: 63%
[2026-09-07 19:38:07] Saving world data: 68%
[2026-09-07 19:38:07] Saving world data: 71%
[2026-09-07 19:38:07] Saving world data: 75%
[2026-09-07 19:38:07] Saving world data: 79%
[2026-09-07 19:38:07] Saving world data: 83%
[2026-09-07 19:38:07] Saving world data: 87%
[2026-09-07 19:38:07] Saving world data: 91%
[2026-09-07 19:38:07] Saving world data: 95%
[2026-09-07 19:38:07] Saving world data: 99%
[2026-09-07 19:38:07] Saving world data: 100%
[2026-09-07 19:38:07] Validating world save: 6%
[2026-09-07 19:38:07] Validating world save: 14%
[2026-09-07 19:38:07] Validating world save: 25%
[2026-09-07 19:38:07] Validating world save: 41%
[2026-09-07 19:38:07] Validating world save: 57%
[2026-09-07 19:38:07] Validating world save: 72%
[2026-09-07 19:38:07] Validating world save: 85%
[2026-09-07 19:38:07] Validating world save: 96%
[2026-09-07 19:38:07] Backing up world file
[2026-09-07 19:38:07] Saving world data: 5%
[2026-09-07 19:38:07] Saving world data: 9%
[2026-09-07 19:38:07] Saving world data: 14%
[2026-09-07 19:38:07] Saving world data: 18%
[2026-09-07 19:38:07] Saving world data: 23%
[2026-09-07 19:38:07] Saving world data: 27%
[2026-09-07 19:38:07] Saving world data: 31%
[2026-09-07 19:38:07] Saving world data: 36%
[2026-09-07 19:38:07] Saving world data: 40%
[2026-09-07 19:38:07] Saving world data: 43%
[2026-09-07 19:38:07] Saving world data: 47%
[2026-09-07 19:38:07] Saving world data: 52%
[2026-09-07 19:38:07] Saving world data: 56%
[2026-09-07 19:38:07] Saving world data: 60%
[2026-09-07 19:38:07] Saving world data: 64%
[2026-09-07 19:38:07] Saving world data: 68%
[2026-09-07 19:38:07] Saving world data: 72%
[2026-09-07 19:38:07] Saving world data: 76%
[2026-09-07 19:38:07] Saving world data: 79%
[2026-09-07 19:38:07] Saving world data: 83%
[2026-09-07 19:38:07] Saving world data: 87%
[2026-09-07 19:38:07] Saving world data: 91%
[2026-09-07 19:38:07] Saving world data: 95%
[2026-09-07 19:38:07] Saving world data: 98%
[2026-09-07 19:38:07] Saving world data: 100%
[2026-09-07 19:38:07] Validating world save: 4%
[2026-09-07 19:38:07] Validating world save: 22%
[2026-09-07 19:38:07] Validating world save: 39%
[2026-09-07 19:38:07] Validating world save: 53%
[2026-09-07 19:38:07] Validating world save: 68%
[2026-09-07 19:38:07] Validating world save: 82%
[2026-09-07 19:38:07] Validating world save: 100%
[2026-09-07 19:38:07] Backing up world file
[2026-09-07 19:38:07] Saving world data: 5%
[2026-09-07 19:38:07] Saving world data: 9%
[2026-09-07 19:38:07] Saving world data: 13%
[2026-09-07 19:38:07] Saving world data: 18%
[2026-09-07 19:38:07] Saving world data: 22%
[2026-09-07 19:38:07] Saving world data: 26%
[2026-09-07 19:38:07] Saving world data: 30%
[2026-09-07 19:38:07] Saving world data: 34%
[2026-09-07 19:38:07] Saving world data: 38%
[2026-09-07 19:38:07] Saving world data: 42%
[2026-09-07 19:38:07] Saving world data: 45%
[2026-09-07 19:38:07] Saving world data: 49%
[2026-09-07 19:38:07] Saving world data: 53%
[2026-09-07 19:38:07] Saving world data: 57%
[2026-09-07 19:38:07] Saving world data: 61%
[2026-09-07 19:38:07] Saving world data: 65%
[2026-09-07 19:38:07] Saving world data: 69%
[2026-09-07 19:38:07] Saving world data: 72%
[2026-09-07 19:38:07] Saving world data: 76%
[2026-09-07 19:38:07] Saving world data: 80%
[2026-09-07 19:38:07] Saving world data: 83%
[2026-09-07 19:38:07] Saving world data: 87%
[2026-09-07 19:38:07] Saving world data: 91%
[2026-09-07 19:38:07] Saving world data: 96%
[2026-09-07 19:38:07] Saving world data: 99%
[2026-09-07 19:38:07] Saving world data: 100%
[2026-09-07 19:38:07] Validating world save: 8%
[2026-09-07 19:38:07] Validating world save: 23%
[2026-09-07 19:38:07] Validating world save: 40%
[2026-09-07 19:38:07] Validating world save: 54%
[2026-09-07 19:38:07] Validating world save: 69%
[2026-09-07 19:38:07] Validating world save: 84%
[2026-09-07 19:38:07] Validating world save: 99%
[2026-09-07 19:38:07] Backing up world file
[2026-09-07 19:38:07] Saving world data: 5%
[2026-09-07 19:38:07] Saving world data: 10%
[2026-09-07 19:38:07] Saving world data: 14%
[2026-09-07 19:38:07] Saving world data: 18%
[2026-09-07 19:38:07] Saving world data: 23%
[2026-09-07 19:38:07] Saving world data: 27%
[2026-09-07 19:38:07] Saving world data: 32%
[2026-09-07 19:38:07] Saving world data: 36%
[2026-09-07 19:38:07] Saving world data: 40%
[2026-09-07 19:38:07] Saving world data: 43%
[2026-09-07 19:38:07] Saving world data: 47%
[2026-09-07 19:38:07] Saving world data: 51%
[2026-09-07 19:38:07] Saving world data: 55%
[2026-09-07 19:38:07] Saving world data: 59%
[2026-09-07 19:38:07] Saving world data: 62%
[2026-09-07 19:38:07] Saving world data: 66%
[2026-09-07 19:38:07] Saving world data: 70%
[2026-09-07 19:38:07] Saving world data: 74%
[2026-09-07 19:38:07] Saving world data: 78%
[2026-09-07 19:38:07] Saving world data: 81%
[2026-09-07 19:38:07] Saving world data: 85%
[2026-09-07 19:38:07] Saving world data: 88%
[2026-09-07 19:38:07] Saving world data: 92%
[2026-09-07 19:38:07] Saving world data: 96%
[2026-09-07 19:38:07] Saving world data: 100%
[2026-09-07 19:38:07] Validating world save: 11%
[2026-09-07 19:38:07] Validating world save: 29%
[2026-09-07 19:38:07] Validating world save: 43%
[2026-09-07 19:38:07] Validating world save: 60%
[2026-09-07 19:38:07] Validating world save: 75%
[2026-09-07 19:38:07] Validating world save: 90%
[2026-09-07 19:38:07] Backing up world file
[2026-09-07 19:38:07] Saving world data: 5%
[2026-09-07 19:38:07] Saving world data: 9%
[2026-09-07 19:38:07] Saving world data: 14%
[2026-09-07 19:38:07] Saving world data: 18%
[2026-09-07 19:38:07] Saving world data: 22%
[2026-09-07 19:38:07] Saving world data: 27%
[2026-09-07 19:38:07] Saving world data: 31%
[2026-09-07 19:38:07] Saving world data: 35%
[2026-09-07 19:38:07] Saving world data: 39%
[2026-09-07 19:38:07] Saving world data: 42%
[2026-09-07 19:38:07] Saving world data: 46%
[2026-09-07 19:38:07] Saving world data: 50%
[2026-09-07 19:38:07] Saving world data: 55%
[2026-09-07 19:38:07] Saving world data: 59%
[2026-09-07 19:38:07] Saving world data: 62%
[2026-09-07 19:38:07] Saving world data: 66%
[2026-09-07 19:38:07] Saving world data: 70%
[2026-09-07 19:38:07] Saving world data: 74%
[2026-09-07 19:38:07] Saving world data: 77%
[2026-09-07 19:38:07] Saving world data: 81%
[2026-09-07 19:38:07] Saving world data: 85%
[2026-09-07 19:38:07] Saving world data: 89%
[2026-09-07 19:38:07] Saving world data: 93%
[2026-09-07 19:38:07] Saving world data: 96%
[2026-09-07 19:38:07] Saving world data: 100%
[2026-09-07 19:38:07] Validating world save: 5%
[2026-09-07 19:38:07] Validating world save: 23%
[2026-09-07 19:38:07] Validating world save: 40%
[2026-09-07 19:38:07] Validating world save: 54%
[2026-09-07 19:38:07] Validating world save: 70%
[2026-09-07 19:38:07] Validating world save: 84%
[2026-09-07 19:38:07] Backing up world file
[2026-09-07 19:38:07] Saving world data: 5%
[2026-09-07 19:38:07] Saving world data: 9%
[2026-09-07 19:38:07] Saving world data: 13%
[2026-09-07 19:38:07] Saving world data: 17%
[2026-09-07 19:38:07] Saving world data: 22%
[2026-09-07 19:38:07] Saving world data: 26%
[2026-09-07 19:38:07] Saving world data: 30%
[2026-09-07 19:38:07] Saving world data: 34%
[2026-09-07 19:38:07] Saving world data: 38%
[2026-09-07 19:38:07] Saving world data: 41%
[2026-09-07 19:38:07] Saving world data: 45%
[2026-09-07 19:38:07] Saving world data: 49%
[2026-09-07 19:38:07] Saving world data: 53%
[2026-09-07 19:38:07] Saving world data: 58%
[2026-09-07 19:38:07] Saving world data: 62%
[2026-09-07 19:38:07] Saving world data: 65%
[2026-09-07 19:38:07] Saving world data: 70%
[2026-09-07 19:38:07] Saving world data: 73%
[2026-09-07 19:38:07] Saving world data: 77%
[2026-09-07 19:38:07] Saving world data: 81%
[2026-09-07 19:38:07] Saving world data: 85%
[2026-09-07 19:38:07] Saving world data: 89%
[2026-09-07 19:38:07] Saving world data: 92%
[2026-09-07 19:38:07] Saving world data: 96%
[2026-09-07 19:38:07] Saving world data: 100%
[2026-09-07 19:38:07] Validating world save: 10%
[2026-09-07 19:38:07] Validating world save: 29%
[2026-09-07 19:38:07] Validating world save: 43%
[2026-09-07 19:38:07] Validating world save: 59%
[2026-09-07 19:38:07] Validating world save: 73%
[2026-09-07 19:38:07] Validating world save: 88%
[2026-09-07 19:38:07] Backing up world file
[2026-09-07 19:38:07] Saving world data: 5%
[2026-09-07 19:38:07] Saving world data: 9%
[2026-09-07 19:38:07] Saving world data: 14%
[2026-09-07 19:38:07] Saving world data: 18%
[2026-09-07 19:38:07] Saving world data: 23%
[2026-09-07 19:38:07] Saving world data: 27%
[2026-09-07 19:38:07] Saving world data: 32%
[2026-09-07 19:38:07] Saving world data: 36%
[2026-09-07 19:38:07] Saving world data: 40%
[2026-09-07 19:38:07] Saving world data: 44%
[2026-09-07 19:38:07] Saving world data: 48%
[2026-09-07 19:38:07] Saving world data: 53%
[2026-09-07 19:38:07] Saving world data: 57%
[2026-09-07 19:38:07] Saving world data: 61%
[2026-09-07 19:38:07] Saving world data: 65%
[2026-09-07 19:38:07] Saving world data: 69%
[2026-09-07 19:38:07] Saving world data: 74%
[2026-09-07 19:38:07] Saving world data: 77%
[2026-09-07 19:38:07] Saving world data: 81%
[2026-09-07 19:38:07] Saving world data: 85%
[2026-09-07 19:38:07] Saving world data: 90%
[2026-09-07 19:38:07] Saving world data: 94%
[2026-09-07 19:38:07] Saving world data: 97%
[2026-09-07 19:38:07] Saving world data: 100%
[2026-09-07 19:38:07] Validating world save: 19%
[2026-09-07 19:38:07] Validating world save: 35%
[2026-09-07 19:38:07] Validating world save: 50%
[2026-09-07 19:38:07] Validating world save: 67%
[2026-09-07 19:38:07] Validating world save: 82%
[2026-09-07 19:38:07] Backing up world file
[2026-09-07 19:38:07] Saving world data: 5%
[2026-09-07 19:38:07] Saving world data: 9%
[2026-09-07 19:38:07] Saving world data: 14%
[2026-09-07 19:38:07] Saving world data: 18%
[2026-09-07 19:38:07] Saving world data: 22%
[2026-09-07 19:38:07] Saving world data: 27%
[2026-09-07 19:38:07] Saving world data: 31%
[2026-09-07 19:38:07] Saving world data: 35%
[2026-09-07 19:38:07] Saving world data: 39%
[2026-09-07 19:38:07] Saving world data: 43%
[2026-09-07 19:38:07] Saving world data: 47%
[2026-09-07 19:38:07] Saving world data: 51%
[2026-09-07 19:38:07] Saving world data: 55%
[2026-09-07 19:38:07] Saving world data: 59%
[2026-09-07 19:38:07] Saving world data: 63%
[2026-09-07 19:38:07] Saving world data: 67%
[2026-09-07 19:38:07] Saving world data: 71%
[2026-09-07 19:38:07] Saving world data: 75%
[2026-09-07 19:38:07] Saving world data: 79%
[2026-09-07 19:38:07] Saving world data: 82%
[2026-09-07 19:38:07] Saving world data: 85%
[2026-09-07 19:38:07] Saving world data: 89%
[2026-09-07 19:38:07] Saving world data: 94%
[2026-09-07 19:38:07] Saving world data: 97%
[2026-09-07 19:38:07] Saving world data: 100%
[2026-09-07 19:38:07] Validating world save: 18%
[2026-09-07 19:38:07] Validating world save: 37%
[2026-09-07 19:38:07] Validating world save: 45%
[2026-09-07 19:38:07] Validating world save: 62%
[2026-09-07 19:38:07] Validating world save: 78%
[2026-09-07 19:38:07] Validating world save: 94%
[2026-09-07 19:38:07] Backing up world file
[2026-09-07 19:38:07] Saving world data: 4%
[2026-09-07 19:38:07] Saving world data: 7%
[2026-09-07 19:38:07] Saving world data: 11%
[2026-09-07 19:38:07] Saving world data: 14%
[2026-09-07 19:38:07] Saving world data: 18%
[2026-09-07 19:38:07] Saving world data: 21%
[2026-09-07 19:38:07] Saving world data: 25%
[2026-09-07 19:38:07] Saving world data: 28%
[2026-09-07 19:38:07] Saving world data: 32%
[2026-09-07 19:38:07] Saving world data: 35%
[2026-09-07 19:38:07] Saving world data: 38%
[2026-09-07 19:38:07] Saving world data: 41%
[2026-09-07 19:38:07] Saving world data: 44%
[2026-09-07 19:38:07] Saving world data: 48%
[2026-09-07 19:38:07] Saving world data: 51%
[2026-09-07 19:38:07] Saving world data: 54%
[2026-09-07 19:38:07] Saving world data: 59%
[2026-09-07 19:38:07] Saving world data: 62%
[2026-09-07 19:38:07] Saving world data: 66%
[2026-09-07 19:38:07] Saving world data: 70%
[2026-09-07 19:38:07] Saving world data: 74%
[2026-09-07 19:38:07] Saving world data: 78%
[2026-09-07 19:38:07] Saving world data: 82%
[2026-09-07 19:38:07] Saving world data: 86%
[2026-09-07 19:38:07] Saving world data: 90%
[2026-09-07 19:38:07] Saving world data: 94%
[2026-09-07 19:38:07] Saving world data: 98%
[2026-09-07 19:38:07] Saving world data: 100%
[2026-09-07 19:38:07] Validating world save: 1%
[2026-09-07 19:38:07] Validating world save: 20%
[2026-09-07 19:38:07] Validating world save: 38%
[2026-09-07 19:38:07] Validating world save: 52%
[2026-09-07 19:38:07] Validating world save: 67%
[2026-09-07 19:38:07] Validating world save: 81%
[2026-09-07 19:38:07] Validating world save: 100%
[2026-09-07 19:38:07] Backing up world file
[2026-09-07 19:38:07] Saving world data: 5%
[2026-09-07 19:38:07] Saving world data: 9%
[2026-09-07 19:38:07] Saving world data: 14%
[2026-09-07 19:38:07] Saving world data: 18%
[2026-09-07 19:38:07] Saving world data: 23%
[2026-09-07 19:38:07] Saving world data: 27%
[2026-09-07 19:38:07] Saving world data: 32%
[2026-09-07 19:38:07] Saving world data: 36%
[2026-09-07 19:38:07] Saving world data: 40%
[2026-09-07 19:38:07] Saving world data: 44%
[2026-09-07 19:38:07] Saving world data: 48%
[2026-09-07 19:38:07] Saving world data: 52%
[2026-09-07 19:38:07] Saving world data: 57%
[2026-09-07 19:38:07] Saving world data: 60%
[2026-09-07 19:38:07] Saving world data: 64%
[2026-09-07 19:38:07] Saving world data: 68%
[2026-09-07 19:38:07] Saving world data: 72%
[2026-09-07 19:38:07] Saving world data: 76%
[2026-09-07 19:38:07] Saving world data: 80%
[2026-09-07 19:38:07] Saving world data: 84%
[2026-09-07 19:38:07] Saving world data: 88%
[2026-09-07 19:38:07] Saving world data: 93%
[2026-09-07 19:38:07] Saving world data: 96%
[2026-09-07 19:38:07] Saving world data: 100%
[2026-09-07 19:38:07] Validating world save: 15%
[2026-09-07 19:38:07] Validating world save: 34%
[2026-09-07 19:38:07] Validating world save: 49%
[2026-09-07 19:38:07] Validating world save: 62%
[2026-09-07 19:38:07] Validating world save: 78%
[2026-09-07 19:38:07] Validating world save: 96%
[2026-09-07 19:38:07] Backing up world file
[2026-09-07 19:38:07] Saving world data: 4%
[2026-09-07 19:38:07] Saving world data: 8%
[2026-09-07 19:38:07] Saving world data: 13%
[2026-09-07 19:38:07] Saving world data: 17%
[2026-09-07 19:38:07] Saving world data: 22%
[2026-09-07 19:38:07] Saving world data: 26%
[2026-09-07 19:38:07] Saving world data: 30%
[2026-09-07 19:38:07] Saving world data: 35%
[2026-09-07 19:38:07] Saving world data: 39%
[2026-09-07 19:38:07] Saving world data: 42%
[2026-09-07 19:38:07] Saving world data: 46%
[2026-09-07 19:38:07] Saving world data: 51%
[2026-09-07 19:38:07] Saving world data: 55%
[2026-09-07 19:38:07] Saving world data: 59%
[2026-09-07 19:38:07] Saving world data: 63%
[2026-09-07 19:38:07] Saving world data: 67%
[2026-09-07 19:38:07] Saving world data: 71%
[2026-09-07 19:38:07] Saving world data: 75%
[2026-09-07 19:38:07] Saving world data: 79%
[2026-09-07 19:38:07] Saving world data: 83%
[2026-09-07 19:38:07] Saving world data: 87%
[2026-09-07 19:38:07] Saving world data: 91%
[2026-09-07 19:38:07] Saving world data: 96%
[2026-09-07 19:38:07] Saving world data: 99%
[2026-09-07 19:38:07] Saving world data: 100%
[2026-09-07 19:38:07] Validating world save: 14%
[2026-09-07 19:38:07] Validating world save: 34%
[2026-09-07 19:38:07] Validating world save: 48%
[2026-09-07 19:38:07] Validating world save: 64%
[2026-09-07 19:38:07] Validating world save: 79%
[2026-09-07 19:38:07] Validating world save: 95%
[2026-09-07 19:38:07] Backing up world file
[2026-09-07 19:38:07] Saving world data: 5%
[2026-09-07 19:38:07] Saving world data: 9%
[2026-09-07 19:38:07] Saving world data: 14%
[2026-09-07 19:38:07] Saving world data: 18%
[2026-09-07 19:38:07] Saving world data: 23%
[2026-09-07 19:38:07] Saving world data: 27%
[2026-09-07 19:38:07] Saving world data: 31%
[2026-09-07 19:38:07] Saving world data: 35%
[2026-09-07 19:38:07] Saving world data: 39%
[2026-09-07 19:38:07] Saving world data: 43%
[2026-09-07 19:38:07] Saving world data: 47%
[2026-09-07 19:38:07] Saving world data: 51%
[2026-09-07 19:38:07] Saving world data: 56%
[2026-09-07 19:38:07] Saving world data: 60%
[2026-09-07 19:38:07] Saving world data: 64%
[2026-09-07 19:38:07] Saving world data: 68%
[2026-09-07 19:38:07] Saving world data: 72%
[2026-09-07 19:38:07] Saving world data: 76%
[2026-09-07 19:38:07] Saving world data: 80%
[2026-09-07 19:38:07] Saving world data: 84%
[2026-09-07 19:38:07] Saving world data: 88%
[2026-09-07 19:38:07] Saving world data: 92%
[2026-09-07 19:38:07] Saving world data: 96%
[2026-09-07 19:38:07] Saving world data: 100%
[2026-09-07 19:38:07] Validating world save: 11%
[2026-09-07 19:38:07] Validating world save: 28%
[2026-09-07 19:38:07] Validating world save: 42%
[2026-09-07 19:38:07] Validating world save: 58%
[2026-09-07 19:38:07] Validating world save: 72%
[2026-09-07 19:38:07] Validating world save: 87%
[2026-09-07 19:38:07] Backing up world file
[2026-09-07 19:38:07] Saving world data: 4%
[2026-09-07 19:38:07] Saving world data: 8%
[2026-09-07 19:38:07] Saving world data: 12%
[2026-09-07 19:38:07] Saving world data: 17%
[2026-09-07 19:38:07] Saving world data: 21%
[2026-09-07 19:38:07] Saving world data: 25%
[2026-09-07 19:38:07] Saving world data: 30%
[2026-09-07 19:38:07] Saving world data: 34%
[2026-09-07 19:38:07] Saving world data: 38%
[2026-09-07 19:38:07] Saving world data: 42%
[2026-09-07 19:38:07] Saving world data: 46%
[2026-09-07 19:38:07] Saving world data: 50%
[2026-09-07 19:38:07] Saving world data: 55%
[2026-09-07 19:38:07] Saving world data: 59%
[2026-09-07 19:38:07] Saving world data: 63%
[2026-09-07 19:38:07] Saving world data: 67%
[2026-09-07 19:38:07] Saving world data: 71%
[2026-09-07 19:38:07] Saving world data: 75%
[2026-09-07 19:38:07] Saving world data: 79%
[2026-09-07 19:38:07] Saving world data: 82%
[2026-09-07 19:38:07] Saving world data: 87%
[2026-09-07 19:38:07] Saving world data: 91%
[2026-09-07 19:38:07] Saving world data: 95%
[2026-09-07 19:38:07] Saving world data: 99%
[2026-09-07 19:38:07] Saving world data: 100%
[2026-09-07 19:38:07] Validating world save: 6%
[2026-09-07 19:38:07] Validating world save: 26%
[2026-09-07 19:38:07] Validating world save: 42%
[2026-09-07 19:38:07] Validating world save: 58%
[2026-09-07 19:38:07] Validating world save: 72%
[2026-09-07 19:38:07] Validating world save: 87%
[2026-09-07 19:38:07] Backing up world file
[2026-09-07 19:38:07] 127.215.87.9:59669 is connecting...
[2026-09-07 19:38:07] Brown has joined.
[2026-09-07 19:38:07] Saving world data: 4%
[2026-09-07 19:38:07] Saving world data: 8%
[2026-09-07 19:38:07] Saving world data: 11%
[2026-09-07 19:38:07] Saving world data: 15%
[2026-09-07 19:38:07] Saving world data: 18%
[2026-09-07 19:38:07] Saving world data: 21%
[2026-09-07 19:38:07] Saving world data: 25%
[2026-09-07 19:38:07] Saving world data: 29%
[2026-09-07 19:38:07] Saving world data: 32%
[2026-09-07 19:38:07] Saving world data: 36%
[2026-09-07 19:38:07] Saving world data: 39%
[2026-09-07 19:38:07] Saving world data: 42%
[2026-09-07 19:38:07] Saving world data: 45%
[2026-09-07 19:38:07] Saving world data: 48%
[2026-09-07 19:38:07] Saving world data: 51%
[2026-09-07 19:38:07] Saving world data: 55%
[2026-09-07 19:38:07] Saving world data: 58%
[2026-09-07 19:38:07] Saving world data: 61%
[2026-09-07 19:38:07] Saving world data: 64%
[2026-09-07 19:38:07] Saving world data: 67%
[2026-09-07 19:38:07] Saving world data: 71%
[2026-09-07 19:38:07] Saving world data: 74%
[2026-09-07 19:38:07] Saving world data: 77%
[2026-09-07 19:38:07] Saving world data: 80%
[2026-09-07 19:38:07] Saving world data: 83%
[2026-09-07 19:38:07] Saving world data: 86%
[2026-09-07 19:38:07] Saving world data: 89%
[2026-09-07 19:38:07] Saving world data: 93%
[2026-09-07 19:38:07] Saving world data: 97%
[2026-09-07 19:38:07] Saving world data: 100%
[2026-09-07 19:38:07] Validating world save: 18%
[2026-09-07 19:38:07] Validating world save: 37%
[2026-09-07 19:38:07] Validating world save: 48%
[2026-09-07 19:38:07] Validating world save: 65%
[2026-09-07 19:38:07] Validating world save: 81%
[2026-09-07 19:38:07] Validating world save: 100%
[2026-09-07 19:38:07] Backing up world file
[2026-09-07 19:38:07] Saving world data: 5%
[2026-09-07 19:38:07] Saving world data: 9%
[2026-09-07 19:38:07] Saving world data: 13%
[2026-09-07 19:38:07] Saving world data: 17%
[2026-09-07 19:38:07] Saving world data: 22%
[2026-09-07 19:38:07] Saving world data: 26%
[2026-09-07 19:38:07] Saving world data: 30%
[2026-09-07 19:38:07] Saving world data: 34%
[2026-09-07 19:38:07] Saving world data: 38%
[2026-09-07 19:38:07] Saving world data: 42%
[2026-09-07 19:38:07] Saving world data: 46%
[2026-09-07 19:38:07] Saving world data: 50%
[2026-09-07 19:38:07] Saving world data: 54%
[2026-09-07 19:38:07] Saving world data: 58%
[2026-09-07 19:38:07] Saving world data: 62%
[2026-09-07 19:38:07] Saving world data: 65%
[2026-09-07 19:38:07] Saving world data: 69%
[2026-09-07 19:38:07] Saving world data: 73%
[2026-09-07 19:38:07] Saving world data: 77%
[2026-09-07 19:38:07] Saving world data: 81%
[2026-09-07 19:38:07] Saving world data: 85%
[2026-09-07 19:38:07] Saving world data: 89%
[2026-09-07 19:38:07] Saving world data: 93%
[2026-09-07 19:38:07] Saving world data: 96%
[2026-09-07 19:38:07] Saving world data: 100%
[2026-09-07 19:38:07] Validating world save: 14%
[2026-09-07 19:38:07] Validating world save: 32%
[2026-09-07 19:38:07] Validating world save: 43%
[2026-09-07 19:38:07] Validating world save: 60%
[2026-09-07 19:38:07] Validating world save: 74%
[2026-09-07 19:38:07] Validating world save: 89%
[2026-09-07 19:38:07] Backing up world file
[2026-09-07 19:38:07] 127.215.87.9:42137 is connecting...
[2026-09-07 19:38:07] 127.215.87.9:42137 was booted: Brown is already on this server.
[2026-09-07 19:38:07] 127.215.87.9:37443 is connecting...
[2026-09-07 19:38:07] 127.215.87.9:37443 was booted: Brown is already on this server.
[2026-09-07 19:38:07] Brown has left.
[2026-09-07 19:38:07] Sakagi_Ri has left.
[2026-09-07 19:38:07] Saving world data: 5%
[2026-09-07 19:38:07] Saving world data: 12%
[2026-09-07 19:38:07] Saving world data: 16%
[2026-09-07 19:38:07] Saving world data: 23%
[2026-09-07 19:38:07] Saving world data: 27%
[2026-09-07 19:38:07] Saving world data: 34%
[2026-09-07 19:38:07] Saving world data: 38%
[2026-09-07 19:38:07] Saving world data: 43%
[2026-09-07 19:38:07] Saving world data: 47%
[2026-09-07 19:38:07] Saving world data: 54%
[2026-09-07 19:38:07] Saving world data: 58%
[2026-09-07 19:38:07] Saving world data: 64%
[2026-09-07 19:38:07] Saving world data: 68%
[2026-09-07 19:38:07] Saving world data: 74%
[2026-09-07 19:38:07] Saving world data: 78%
[2026-09-07 19:38:07] Saving world data: 84%
[2026-09-07 19:38:07] Saving world data: 88%
[2026-09-07 19:38:07] Saving world data: 95%
[2026-09-07 19:38:07] Saving world data: 98%
[2026-09-07 19:38:07] Saving world data: 100%
[2026-09-07 19:38:07] Validating world save: 14%
[2026-09-07 19:38:07] Validating world save: 40%
[2026-09-07 19:38:07] Validating world save: 57%
[2026-09-07 19:38:07] Validating world save: 80%
[2026-09-07 19:38:07] Validating world save: 95%
[2026-09-07 19:38:07] Backing up world file
[2026-09-07 19:38:07] 127.215.87.9:44399 is connecting...
[2026-09-07 19:38:07] Brown has joined.
[2026-09-07 19:38:07] Saving world data: 5%
[2026-09-07 19:38:07] Saving world data: 9%
[2026-09-07 19:38:07] Saving world data: 13%
[2026-09-07 19:38:07] Saving world data: 17%
[2026-09-07 19:38:07] Saving world data: 21%
[2026-09-07 19:38:07] Saving world data: 26%
[2026-09-07 19:38:07] Saving world data: 30%
[2026-09-07 19:38:07] Saving world data: 34%
[2026-09-07 19:38:07] Saving world data: 37%
[2026-09-07 19:38:07] Saving world data: 41%
[2026-09-07 19:38:07] Saving world data: 45%
[2026-09-07 19:38:07] Saving world data: 48%
[2026-09-07 19:38:07] Saving world data: 52%
[2026-09-07 19:38:07] Saving world data: 56%
[2026-09-07 19:38:07] Saving world data: 60%
[2026-09-07 19:38:07] Saving world data: 63%
[2026-09-07 19:38:07] Saving world data: 67%
[2026-09-07 19:38:07] Saving world data: 70%
[2026-09-07 19:38:07] Saving world data: 74%
[2026-09-07 19:38:07] Saving world data: 78%
[2026-09-07 19:38:07] Saving world data: 82%
[2026-09-07 19:38:07] Saving world data: 86%
[2026-09-07 19:38:07] Saving world data: 90%
[2026-09-07 19:38:07] Saving world data: 94%
[2026-09-07 19:38:07] Saving world data: 98%
[2026-09-07 19:38:07] Saving world data: 100%
[2026-09-07 19:38:07] Validating world save: 1%
[2026-09-07 19:38:07] Validating world save: 21%
[2026-09-07 19:38:07] Validating world save: 39%
[2026-09-07 19:38:07] Validating world save: 54%
[2026-09-07 19:38:07] Validating world save: 67%
[2026-09-07 19:38:07] Validating world save: 75%
[2026-09-07 19:38:07] Validating world save: 86%
[2026-09-07 19:38:07] Backing up world file
[2026-09-07 19:38:07] 127.215.87.9:48785 is connecting...
[2026-09-07 19:38:07] 127.215.87.9:48785 was booted: Brown is already on this server.
[2026-09-07 19:38:07] 127.215.87.9:50625 is connecting...
[2026-09-07 19:38:07] 127.215.87.9:50625 was booted: Brown is already on this server.
[2026-09-07 19:38:07] Brown has left.
[2026-09-07 19:38:07] Saving world data: 5%
[2026-09-07 19:38:07] Saving world data: 11%
[2026-09-07 19:38:07] Saving world data: 15%
[2026-09-07 19:38:07] Saving world data: 22%
[2026-09-07 19:38:07] Saving world data: 26%
[2026-09-07 19:38:07] Saving world data: 32%
[2026-09-07 19:38:07] Saving world data: 37%
[2026-09-07 19:38:07] Saving world data: 42%
[2026-09-07 19:38:07] Saving world data: 46%
[2026-09-07 19:38:07] Saving world data: 52%
[2026-09-07 19:38:07] Saving world data: 56%
[2026-09-07 19:38:07] Saving world data: 62%
[2026-09-07 19:38:07] Saving world data: 66%
[2026-09-07 19:38:07] Saving world data: 71%
[2026-09-07 19:38:07] Saving world data: 75%
[2026-09-07 19:38:07] Saving world data: 81%
[2026-09-07 19:38:07] Saving world data: 85%
[2026-09-07 19:38:07] Saving world data: 91%
[2026-09-07 19:38:07] Saving world data: 95%
[2026-09-07 19:38:07] Saving world data: 100%
[2026-09-07 19:38:07] Validating world save: 26%
[2026-09-07 19:38:07] Validating world save: 41%
[2026-09-07 19:38:07] Validating world save: 63%
[2026-09-07 19:38:07] Validating world save: 79%
[2026-09-07 19:38:07] Backing up world file
[2026-09-07 19:38:07] 127.215.87.9:33847 is connecting...
[2026-09-07 19:38:07] Brown has joined.
[2026-09-07 19:38:07] Saving world data: 4%
[2026-09-07 19:38:07] Saving world data: 8%
[2026-09-07 19:38:07] Saving world data: 11%
[2026-09-07 19:38:07] Saving world data: 15%
[2026-09-07 19:38:07] Saving world data: 19%
[2026-09-07 19:38:07] Saving world data: 22%
[2026-09-07 19:38:07] Saving world data: 26%
[2026-09-07 19:38:07] Saving world data: 29%
[2026-09-07 19:38:07] Saving world data: 33%
[2026-09-07 19:38:07] Saving world data: 36%
[2026-09-07 19:38:07] Saving world data: 39%
[2026-09-07 19:38:07] Saving world data: 42%
[2026-09-07 19:38:07] Saving world data: 46%
[2026-09-07 19:38:07] Saving world data: 49%
[2026-09-07 19:38:07] Saving world data: 52%
[2026-09-07 19:38:07] Saving world data: 56%
[2026-09-07 19:38:07] Saving world data: 59%
[2026-09-07 19:38:07] Saving world data: 62%
[2026-09-07 19:38:07] Saving world data: 66%
[2026-09-07 19:38:07] Saving world data: 69%
[2026-09-07 19:38:07] Saving world data: 72%
[2026-09-07 19:38:07] Saving world data: 76%
[2026-09-07 19:38:07] Saving world data: 79%
[2026-09-07 19:38:07] Saving world data: 82%
[2026-09-07 19:38:07] Saving world data: 86%
[2026-09-07 19:38:07] Saving world data: 89%
[2026-09-07 19:38:07] Saving world data: 93%
[2026-09-07 19:38:07] Saving world data: 96%
[2026-09-07 19:38:07] Saving world data: 99%
[2026-09-07 19:38:07] Saving world data: 100%
[2026-09-07 19:38:07] Validating world save: 2%
[2026-09-07 19:38:07] Validating world save: 19%
[2026-09-07 19:38:07] Validating world save: 36%
[2026-09-07 19:38:07] Validating world save: 47%
[2026-09-07 19:38:07] Validating world save: 62%
[2026-09-07 19:38:07] Validating world save: 76%
[2026-09-07 19:38:07] Validating world save: 89%
[2026-09-07 19:38:07] Backing up world file
[2026-09-07 19:38:07] Saving world data: 5%
[2026-09-07 19:38:07] Saving world data: 9%
[2026-09-07 19:38:07] Saving world data: 14%
[2026-09-07 19:38:07] Saving world data: 18%
[2026-09-07 19:38:07] Saving world data: 22%
[2026-09-07 19:38:07] Saving world data: 26%
[2026-09-07 19:38:07] Saving world data: 30%
[2026-09-07 19:38:07] Saving world data: 34%
[2026-09-07 19:38:07] Saving world data: 38%
[2026-09-07 19:38:07] Saving world data: 42%
[2026-09-07 19:38:07] Saving world data: 46%
[2026-09-07 19:38:07] Saving world data: 50%
[2026-09-07 19:38:07] Saving world data: 54%
[2026-09-07 19:38:07] Saving world data: 58%
[2026-09-07 19:38:07] Saving world data: 62%
[2026-09-07 19:38:07] Saving world data: 65%
[2026-09-07 19:38:07] Saving world data: 69%
[2026-09-07 19:38:07] Saving world data: 73%
[2026-09-07 19:38:07] Saving world data: 77%
[2026-09-07 19:38:07] Saving world data: 81%
[2026-09-07 19:38:07] Saving world data: 85%
[2026-09-07 19:38:07] Saving world data: 89%
[2026-09-07 19:38:07] Saving world data: 93%
[2026-09-07 19:38:07] Saving world data: 96%
[2026-09-07 19:38:07] Saving world data: 100%
[2026-09-07 19:38:07] Validating world save: 14%
[2026-09-07 19:38:07] Validating world save: 31%
[2026-09-07 19:38:07] Validating world save: 43%
[2026-09-07 19:38:07] Validating world save: 59%
[2026-09-07 19:38:07] Validating world save: 72%
[2026-09-07 19:38:07] Validating world save: 87%
[2026-09-07 19:38:07] Backing up world file
[2026-09-07 19:38:07] Saving world data: 5%
[2026-09-07 19:38:07] Saving world data: 9%
[2026-09-07 19:38:07] Saving world data: 13%
[2026-09-07 19:38:07] Saving world data: 17%
[2026-09-07 19:38:07] Saving world data: 22%
[2026-09-07 19:38:07] Saving world data: 26%
[2026-09-07 19:38:07] Saving world data: 30%
[2026-09-07 19:38:07] Saving world data: 34%
[2026-09-07 19:38:07] Saving world data: 38%
[2026-09-07 19:38:07] Saving world data: 41%
[2026-09-07 19:38:07] Saving world data: 45%
[2026-09-07 19:38:07] Saving world data: 49%
[2026-09-07 19:38:07] Saving world data: 54%
[2026-09-07 19:38:07] Saving world data: 58%
[2026-09-07 19:38:07] Saving world data: 62%
[2026-09-07 19:38:07] Saving world data: 66%
[2026-09-07 19:38:07] Saving world data: 70%
[2026-09-07 19:38:07] Saving world data: 73%
[2026-09-07 19:38:07] Saving world data: 77%
[2026-09-07 19:38:07] Saving world data: 81%
[2026-09-07 19:38:07] Saving world data: 85%
[2026-09-07 19:38:07] Saving world data: 89%
[2026-09-07 19:38:07] Saving world data: 94%
[2026-09-07 19:38:07] Saving world data: 97%
[2026-09-07 19:38:07] Saving world data: 100%
[2026-09-07 19:38:07] Validating world save: 17%
[2026-09-07 19:38:07] Validating world save: 37%
[2026-09-07 19:38:07] Validating world save: 52%
[2026-09-07 19:38:07] Validating world save: 68%
[2026-09-07 19:38:07] Validating world save: 83%
[2026-09-07 19:38:07] Backing up world file
[2026-09-07 19:38:07] Saving world data: 2%
[2026-09-07 19:38:07] Saving world data: 6%
[2026-09-07 19:38:07] Saving world data: 9%
[2026-09-07 19:38:07] Saving world data: 12%
[2026-09-07 19:38:07] Saving world data: 16%
[2026-09-07 19:38:07] Saving world data: 19%
[2026-09-07 19:38:07] Saving world data: 22%
[2026-09-07 19:38:07] Saving world data: 25%
[2026-09-07 19:38:07] Saving world data: 29%
[2026-09-07 19:38:07] Saving world data: 32%
[2026-09-07 19:38:07] Saving world data: 35%
[2026-09-07 19:38:07] Saving world data: 38%
[2026-09-07 19:38:07] Saving world data: 41%
[2026-09-07 19:38:07] Saving world data: 44%
[2026-09-07 19:38:07] Saving world data: 47%
[2026-09-07 19:38:07] Saving world data: 51%
[2026-09-07 19:38:07] Saving world data: 54%
[2026-09-07 19:38:07] Saving world data: 57%
[2026-09-07 19:38:07] Saving world data: 60%
[2026-09-07 19:38:07] Saving world data: 63%
[2026-09-07 19:38:07] Saving world data: 66%
[2026-09-07 19:38:07] Saving world data: 70%
[2026-09-07 19:38:07] Saving world data: 73%
[2026-09-07 19:38:07] Saving world data: 76%
[2026-09-07 19:38:07] Saving world data: 79%
[2026-09-07 19:38:07] Saving world data: 82%
[2026-09-07 19:38:07] Saving world data: 85%
[2026-09-07 19:38:07] Saving world data: 89%
[2026-09-07 19:38:07] Saving world data: 92%
[2026-09-07 19:38:07] Saving world data: 95%
[2026-09-07 19:38:07] Saving world data: 96%
[2026-09-07 19:38:07] Saving world data: 97%
[2026-09-07 19:38:07] Saving world data: 100%
[2026-09-07 19:38:07] Validating world save: 6%
[2026-09-07 19:38:07] Validating world save: 22%
[2026-09-07 19:38:07] Validating world save: 38%
[2026-09-07 19:38:07] Validating world save: 48%
[2026-09-07 19:38:07] Validating world save: 62%
[2026-09-07 19:38:07] Validating world save: 76%
[2026-09-07 19:38:07] Validating world save: 89%
[2026-09-07 19:38:07] Backing up world file
[2026-09-07 19:38:07] Saving world data: 2%
[2026-09-07 19:38:07] Saving world data: 5%
[2026-09-07 19:38:07] Saving world data: 9%
[2026-09-07 19:38:07] Saving world data: 14%
[2026-09-07 19:38:07] Saving world data: 18%
[2026-09-07 19:38:07] Saving world data: 22%
[2026-09-07 19:38:07] Saving world data: 26%
[2026-09-07 19:38:07] Saving world data: 31%
[2026-09-07 19:38:07] Saving world data: 35%
[2026-09-07 19:38:07] Saving world data: 38%
[2026-09-07 19:38:07] Saving world data: 42%
[2026-09-07 19:38:07] Saving world data: 46%
[2026-09-07 19:38:07] Saving world data: 50%
[2026-09-07 19:38:07] Saving world data: 54%
[2026-09-07 19:38:07] Saving world data: 58%
[2026-09-07 19:38:07] Saving world data: 62%
[2026-09-07 19:38:07] Saving world data: 66%
[2026-09-07 19:38:07] Saving world data: 69%
[2026-09-07 19:38:07] Saving world data: 73%
[2026-09-07 19:38:07] Saving world data: 77%
[2026-09-07 19:38:07] Saving world data: 81%
[2026-09-07 19:38:07] Saving world data: 85%
[2026-09-07 19:38:07] Saving world data: 89%
[2026-09-07 19:38:07] Saving world data: 93%
[2026-09-07 19:38:07] Saving world data: 96%
[2026-09-07 19:38:07] Saving world data: 100%
[2026-09-07 19:38:07] Validating world save: 15%
[2026-09-07 19:38:07] Validating world save: 34%
[2026-09-07 19:38:07] Validating world save: 47%
[2026-09-07 19:38:07] Validating world save: 63%
[2026-09-07 19:38:07] Validating world save: 79%
[2026-09-07 19:38:07] Validating world save: 96%
[2026-09-07 19:38:07] Backing up world file
[2026-09-07 19:38:07] Saving world data: 5%
[2026-09-07 19:38:07] Saving world data: 9%
[2026-09-07 19:38:07] Saving world data: 14%
[2026-09-07 19:38:07] Saving world data: 18%
[2026-09-07 19:38:07] Saving world data: 23%
[2026-09-07 19:38:07] Saving world data: 27%
[2026-09-07 19:38:07] Saving world data: 32%
[2026-09-07 19:38:07] Saving world data: 36%
[2026-09-07 19:38:07] Saving world data: 40%
[2026-09-07 19:38:07] Saving world data: 43%
[2026-09-07 19:38:07] Saving world data: 47%
[2026-09-07 19:38:07] Saving world data: 51%
[2026-09-07 19:38:07] Saving world data: 55%
[2026-09-07 19:38:07] Saving world data: 59%
[2026-09-07 19:38:07] Saving world data: 63%
[2026-09-07 19:38:07] Saving world data: 67%
[2026-09-07 19:38:07] Saving world data: 71%
[2026-09-07 19:38:07] Saving world data: 75%
[2026-09-07 19:38:07] Saving world data: 79%
[2026-09-07 19:38:07] Saving world data: 83%
[2026-09-07 19:38:07] Saving world data: 87%
[2026-09-07 19:38:07] Saving world data: 91%
[2026-09-07 19:38:07] Saving world data: 96%
[2026-09-07 19:38:07] Saving world data: 99%
[2026-09-07 19:38:07] Saving world data: 100%
[2026-09-07 19:38:07] Validating world save: 13%
[2026-09-07 19:38:07] Validating world save: 33%
[2026-09-07 19:38:07] Validating world save: 48%
[2026-09-07 19:38:07] Validating world save: 65%
[2026-09-07 19:38:07] Validating world save: 81%
[2026-09-07 19:38:07] Validating world save: 99%
[2026-09-07 19:38:07] Backing up world file
[2026-09-07 19:38:07] Saving world data: 5%
[2026-09-07 19:38:07] Saving world data: 9%
[2026-09-07 19:38:07] Saving world data: 14%
[2026-09-07 19:38:07] Saving world data: 18%
[2026-09-07 19:38:07] Saving world data: 23%
[2026-09-07 19:38:07] Saving world data: 27%
[2026-09-07 19:38:07] Saving world data: 32%
[2026-09-07 19:38:07] Saving world data: 36%
[2026-09-07 19:38:07] Saving world data: 40%
[2026-09-07 19:38:07] Saving world data: 43%
[2026-09-07 19:38:07] Saving world data: 48%
[2026-09-07 19:38:07] Saving world data: 52%
[2026-09-07 19:38:07] Saving world data: 56%
[2026-09-07 19:38:07] Saving world data: 60%
[2026-09-07 19:38:07] Saving world data: 64%
[2026-09-07 19:38:07] Saving world data: 68%
[2026-09-07 19:38:07] Saving world data: 73%
[2026-09-07 19:38:07] Saving world data: 76%
[2026-09-07 19:38:07] Saving world data: 80%
[2026-09-07 19:38:07] Saving world data: 84%
[2026-09-07 19:38:07] Saving world data: 88%
[2026-09-07 19:38:07] Saving world data: 92%
[2026-09-07 19:38:07] Saving world data: 96%
[2026-09-07 19:38:07] Saving world data: 99%
[2026-09-07 19:38:07] Saving world data: 100%
[2026-09-07 19:38:07] Validating world save: 9%
[2026-09-07 19:38:07] Validating world save: 28%
[2026-09-07 19:38:07] Validating world save: 42%
[2026-09-07 19:38:07] Validating world save: 60%
[2026-09-07 19:38:07] Validating world save: 76%
[2026-09-07 19:38:07] Validating world save: 93%
[2026-09-07 19:38:07] Backing up world file
[2026-09-07 19:38:07] Saving world data: 2%
[2026-09-07 19:38:07] Saving world data: 5%
[2026-09-07 19:38:07] Saving world data: 9%
[2026-09-07 19:38:07] Saving world data: 13%
[2026-09-07 19:38:07] Saving world data: 18%
[2026-09-07 19:38:07] Saving world data: 22%
[2026-09-07 19:38:07] Saving world data: 27%
[2026-09-07 19:38:07] Saving world data: 31%
[2026-09-07 19:38:07] Saving world data: 35%
[2026-09-07 19:38:07] Saving world data: 39%
[2026-09-07 19:38:07] Saving world data: 43%
[2026-09-07 19:38:07] Saving world data: 47%
[2026-09-07 19:38:07] Saving world data: 51%
[2026-09-07 19:38:07] Saving world data: 55%
[2026-09-07 19:38:07] Saving world data: 60%
[2026-09-07 19:38:07] Saving world data: 63%
[2026-09-07 19:38:07] Saving world data: 68%
[2026-09-07 19:38:07] Saving world data: 70%
[2026-09-07 19:38:07] Saving world data: 75%
[2026-09-07 19:38:07] Saving world data: 79%
[2026-09-07 19:38:07] Saving world data: 82%
[2026-09-07 19:38:07] Saving world data: 87%
[2026-09-07 19:38:07] Saving world data: 91%
[2026-09-07 19:38:07] Saving world data: 95%
[2026-09-07 19:38:07] Saving world data: 99%
[2026-09-07 19:38:07] Saving world data: 100%
[2026-09-07 19:38:07] Validating world save: 7%
[2026-09-07 19:38:07] Validating world save: 26%
[2026-09-07 19:38:07] Validating world save: 42%
[2026-09-07 19:38:07] Validating world save: 58%
[2026-09-07 19:38:07] Validating world save: 74%
[2026-09-07 19:38:07] Validating world save: 90%
[2026-09-07 19:38:07] Backing up world file
[2026-09-07 19:38:07] Saving world data: 5%
[2026-09-07 19:38:07] Saving world data: 9%
[2026-09-07 19:38:07] Saving world data: 14%
[2026-09-07 19:38:07] Saving world data: 18%
[2026-09-07 19:38:07] Saving world data: 22%
[2026-09-07 19:38:07] Saving world data: 27%
[2026-09-07 19:38:07] Saving world data: 31%
[2026-09-07 19:38:07] Saving world data: 35%
[2026-09-07 19:38:07] Saving world data: 39%
[2026-09-07 19:38:07] Saving world data: 42%
[2026-09-07 19:38:07] Saving world data: 46%
[2026-09-07 19:38:07] Saving world data: 51%
[2026-09-07 19:38:07] Saving world data: 55%
[2026-09-07 19:38:07] Saving world data: 59%
[2026-09-07 19:38:07] Saving world data: 63%
[2026-09-07 19:38:07] Saving world data: 67%
[2026-09-07 19:38:07] Saving world data: 71%
[2026-09-07 19:38:07] Saving world data: 75%
[2026-09-07 19:38:07] Saving world data: 79%
[2026-09-07 19:38:07] Saving world data: 83%
[2026-09-07 19:38:07] Saving world data: 87%
[2026-09-07 19:38:07] Saving world data: 91%
[2026-09-07 19:38:07] Saving world data: 96%
[2026-09-07 19:38:07] Saving world data: 99%
[2026-09-07 19:38:07] Saving world data: 100%
[2026-09-07 19:38:07] Validating world save: 20%
[2026-09-07 19:38:07] Validating world save: 39%
[2026-09-07 19:38:07] Validating world save: 53%
[2026-09-07 19:38:07] Validating world save: 68%
[2026-09-07 19:38:07] Validating world save: 83%
[2026-09-07 19:38:07] Validating world save: 98%
[2026-09-07 19:38:07] Backing up world file
[2026-09-07 19:38:07] Saving world data: 5%
[2026-09-07 19:38:07] Saving world data: 9%
[2026-09-07 19:38:07] Saving world data: 14%
[2026-09-07 19:38:07] Saving world data: 18%
[2026-09-07 19:38:07] Saving world data: 22%
[2026-09-07 19:38:07] Saving world data: 26%
[2026-09-07 19:38:07] Saving world data: 30%
[2026-09-07 19:38:07] Saving world data: 33%
[2026-09-07 19:38:07] Saving world data: 37%
[2026-09-07 19:38:07] Saving world data: 40%
[2026-09-07 19:38:07] Saving world data: 44%
[2026-09-07 19:38:07] Saving world data: 48%
[2026-09-07 19:38:07] Saving world data: 52%
[2026-09-07 19:38:07] Saving world data: 56%
[2026-09-07 19:38:07] Saving world data: 60%
[2026-09-07 19:38:07] Saving world data: 63%
[2026-09-07 19:38:07] Saving world data: 67%
[2026-09-07 19:38:07] Saving world data: 70%
[2026-09-07 19:38:07] Saving world data: 74%
[2026-09-07 19:38:07] Saving world data: 78%
[2026-09-07 19:38:07] Saving world data: 81%
[2026-09-07 19:38:07] Saving world data: 85%
[2026-09-07 19:38:07] Saving world data: 89%
[2026-09-07 19:38:07] Saving world data: 93%
[2026-09-07 19:38:07] Saving world data: 96%
[2026-09-07 19:38:07] Saving world data: 100%
[2026-09-07 19:38:07] Validating world save: 9%
[2026-09-07 19:38:07] Validating world save: 27%
[2026-09-07 19:38:07] Validating world save: 41%
[2026-09-07 19:38:07] Validating world save: 56%
[2026-09-07 19:38:07] Validating world save: 69%
[2026-09-07 19:38:07] Validating world save: 83%
[2026-09-07 19:38:07] Validating world save: 94%
[2026-09-07 19:38:07] Backing up world file
[2026-09-07 19:38:07] Saving world data: 5%
[2026-09-07 19:38:07] Saving world data: 9%
[2026-09-07 19:38:07] Saving world data: 13%
[2026-09-07 19:38:07] Saving world data: 17%
[2026-09-07 19:38:07] Saving world data: 22%
[2026-09-07 19:38:07] Saving world data: 26%
[2026-09-07 19:38:07] Saving world data: 30%
[2026-09-07 19:38:07] Saving world data: 35%
[2026-09-07 19:38:07] Saving world data: 39%
[2026-09-07 19:38:07] Saving world data: 42%
[2026-09-07 19:38:07] Saving world data: 46%
[2026-09-07 19:38:07] Saving world data: 51%
[2026-09-07 19:38:07] Saving world data: 55%
[2026-09-07 19:38:07] Saving world data: 59%
[2026-09-07 19:38:07] Saving world data: 63%
[2026-09-07 19:38:07] Saving world data: 67%
[2026-09-07 19:38:07] Saving world data: 71%
[2026-09-07 19:38:07] Saving world data: 74%
[2026-09-07 19:38:07] Saving world data: 79%
[2026-09-07 19:38:07] Saving world data: 82%
[2026-09-07 19:38:07] Saving world data: 86%
[2026-09-07 19:38:07] Saving world data: 91%
[2026-09-07 19:38:07] Saving world data: 95%
[2026-09-07 19:38:07] Saving world data: 98%
[2026-09-07 19:38:07] Saving world data: 100%
[2026-09-07 19:38:07] Validating world save: 6%
[2026-09-07 19:38:07] Validating world save: 26%
[2026-09-07 19:38:07] Validating world save: 42%
[2026-09-07 19:38:07] Validating world save: 55%
[2026-09-07 19:38:07] Validating world save: 67%
[2026-09-07 19:38:07] Validating world save: 80%
[2026-09-07 19:38:07] Validating world save: 94%
[2026-09-07 19:38:07] Backing up world file
[2026-09-07 19:38:07] Saving world data: 5%
[2026-09-07 19:38:07] Saving world data: 9%
[2026-09-07 19:38:07] Saving world data: 14%
[2026-09-07 19:38:07] Saving world data: 18%
[2026-09-07 19:38:07] Saving world data: 23%
[2026-09-07 19:38:07] Saving world data: 27%
[2026-09-07 19:38:07] Saving world data: 31%
[2026-09-07 19:38:07] Saving world data: 35%
[2026-09-07 19:38:07] Saving world data: 40%
[2026-09-07 19:38:07] Saving world data: 43%
[2026-09-07 19:38:07] Saving world data: 48%
[2026-09-07 19:38:07] Saving world data: 52%
[2026-09-07 19:38:07] Saving world data: 56%
[2026-09-07 19:38:07] Saving world data: 60%
[2026-09-07 19:38:07] Saving world data: 64%
[2026-09-07 19:38:07] Saving world data: 68%
[2026-09-07 19:38:07] Saving world data: 72%
[2026-09-07 19:38:07] Saving world data: 76%
[2026-09-07 19:38:07] Saving world data: 79%
[2026-09-07 19:38:07] Saving world data: 83%
[2026-09-07 19:38:07] Saving world data: 87%
[2026-09-07 19:38:07] Saving world data: 91%
[2026-09-07 19:38:07] Saving world data: 95%
[2026-09-07 19:38:07] Saving world data: 98%
[2026-09-07 19:38:07] Saving world data: 100%
[2026-09-07 19:38:07] Validating world save: 5%
[2026-09-07 19:38:07] Validating world save: 25%
[2026-09-07 19:38:07] Validating world save: 41%
[2026-09-07 19:38:07] Validating world save: 57%
[2026-09-07 19:38:07] Validating world save: 72%
[2026-09-07 19:38:07] Validating world save: 86%
[2026-09-07 19:38:07] Backing up world file
[2026-09-07 19:38:07] Saving world data: 5%
[2026-09-07 19:38:07] Saving world data: 9%
[2026-09-07 19:38:07] Saving world data: 14%
[2026-09-07 19:38:07] Saving world data: 18%
[2026-09-07 19:38:07] Saving world data: 22%
[2026-09-07 19:38:07] Saving world data: 26%
[2026-09-07 19:38:07] Saving world data: 30%
[2026-09-07 19:38:07] Saving world data: 35%
[2026-09-07 19:38:07] Saving world data: 39%
[2026-09-07 19:38:07] Saving world data: 42%
[2026-09-07 19:38:07] Saving world data: 46%
[2026-09-07 19:38:07] Saving world data: 50%
[2026-09-07 19:38:07] Saving world data: 54%
[2026-09-07 19:38:07] Saving world data: 58%
[2026-09-07 19:38:07] Saving world data: 62%
[2026-09-07 19:38:07] Saving world data: 65%
[2026-09-07 19:38:07] Saving world data: 69%
[2026-09-07 19:38:07] Saving world data: 71%
[2026-09-07 19:38:07] Saving world data: 75%
[2026-09-07 19:38:07] Saving world data: 79%
[2026-09-07 19:38:07] Saving world data: 83%
[2026-09-07 19:38:07] Saving world data: 87%
[2026-09-07 19:38:07] Saving world data: 91%
[2026-09-07 19:38:07] Saving world data: 95%
[2026-09-07 19:38:07] Saving world data: 98%
[2026-09-07 19:38:07] Saving world data: 100%
[2026-09-07 19:38:07] Validating world save: 4%
[2026-09-07 19:38:07] Validating world save: 23%
[2026-09-07 19:38:07] Validating world save: 40%
[2026-09-07 19:38:07] Validating world save: 55%
[2026-09-07 19:38:07] Validating world save: 70%
[2026-09-07 19:38:07] Validating world save: 85%
[2026-09-07 19:38:07] Backing up world file
[2026-09-07 19:38:07] Saving world data: 2%
[2026-09-07 19:38:07] Saving world data: 5%
[2026-09-07 19:38:07] Saving world data: 9%
[2026-09-07 19:38:07] Saving world data: 13%
[2026-09-07 19:38:07] Saving world data: 18%
[2026-09-07 19:38:07] Saving world data: 22%
[2026-09-07 19:38:07] Saving world data: 26%
[2026-09-07 19:38:07] Saving world data: 30%
[2026-09-07 19:38:07] Saving world data: 35%
[2026-09-07 19:38:07] Saving world data: 39%
[2026-09-07 19:38:07] Saving world data: 42%
[2026-09-07 19:38:07] Saving world data: 46%
[2026-09-07 19:38:07] Saving world data: 51%
[2026-09-07 19:38:07] Saving world data: 54%
[2026-09-07 19:38:07] Saving world data: 58%
[2026-09-07 19:38:07] Saving world data: 62%
[2026-09-07 19:38:07] Saving world data: 66%
[2026-09-07 19:38:07] Saving world data: 70%
[2026-09-07 19:38:07] Saving world data: 74%
[2026-09-07 19:38:07] Saving world data: 79%
[2026-09-07 19:38:07] Saving world data: 82%
[2026-09-07 19:38:07] Saving world data: 87%
[2026-09-07 19:38:07] Saving world data: 91%
[2026-09-07 19:38:07] Saving world data: 95%
[2026-09-07 19:38:07] Saving world data: 99%
[2026-09-07 19:38:07] Saving world data: 100%
[2026-09-07 19:38:08] Validating world save: 7%
[2026-09-07 19:38:08] Validating world save: 27%
[2026-09-07 19:38:08] Validating world save: 42%
[2026-09-07 19:38:08] Validating world save: 60%
[2026-09-07 19:38:08] Validating world save: 76%
[2026-09-07 19:38:08] Validating world save: 92%
[2026-09-07 19:38:08] Backing up world file
[2026-09-07 19:38:08] Saving world data: 5%
[2026-09-07 19:38:08] Saving world data: 9%
[2026-09-07 19:38:08] Saving world data: 14%
[2026-09-07 19:38:08] Saving world data: 18%
[2026-09-07 19:38:08] Saving world data: 23%
[2026-09-07 19:38:08] Saving world data: 28%
[2026-09-07 19:38:08] Saving world data: 32%
[2026-09-07 19:38:08] Saving world data: 37%
[2026-09-07 19:38:08] Saving world data: 40%
[2026-09-07 19:38:08] Saving world data: 44%
[2026-09-07 19:38:08] Saving world data: 49%
[2026-09-07 19:38:08] Saving world data: 53%
[2026-09-07 19:38:08] Saving world data: 57%
[2026-09-07 19:38:08] Saving world data: 61%
[2026-09-07 19:38:08] Saving world data: 65%
[2026-09-07 19:38:08] Saving world data: 70%
[2026-09-07 19:38:08] Saving world data: 73%
[2026-09-07 19:38:08] Saving world data: 78%
[2026-09-07 19:38:08] Saving world data: 81%
[2026-09-07 19:38:08] Saving world data: 86%
[2026-09-07 19:38:08] Saving world data: 90%
[2026-09-07 19:38:08] Saving world data: 95%
[2026-09-07 19:38:08] Saving world data: 98%
[2026-09-07 19:38:08] Saving world data: 100%
[2026-09-07 19:38:08] Validating world save: 15%
[2026-09-07 19:38:08] Validating world save: 35%
[2026-09-07 19:38:08] Validating world save: 49%
[2026-09-07 19:38:08] Validating world save: 65%
[2026-09-07 19:38:08] Validating world save: 80%
[2026-09-07 19:38:08] Validating world save: 97%
[2026-09-07 19:38:08] Backing up world file
[2026-09-07 19:38:08] Brown has left.
[2026-09-07 19:38:08] Saving world data: 5%
[2026-09-07 19:38:08] Saving world data: 12%
[2026-09-07 19:38:08] Saving world data: 16%
[2026-09-07 19:38:08] Saving world data: 23%
[2026-09-07 19:38:08] Saving world data: 27%
[2026-09-07 19:38:08] Saving world data: 33%
[2026-09-07 19:38:08] Saving world data: 38%
[2026-09-07 19:38:08] Saving world data: 43%
[2026-09-07 19:38:08] Saving world data: 47%
[2026-09-07 19:38:08] Saving world data: 54%
[2026-09-07 19:38:08] Saving world data: 58%
[2026-09-07 19:38:08] Saving world data: 64%
[2026-09-07 19:38:08] Saving world data: 68%
[2026-09-07 19:38:08] Saving world data: 74%
[2026-09-07 19:38:08] Saving world data: 78%
[2026-09-07 19:38:08] Saving world data: 84%
[2026-09-07 19:38:08] Saving world data: 88%
[2026-09-07 19:38:08] Saving world data: 94%
[2026-09-07 19:38:08] Saving world data: 98%
[2026-09-07 19:38:08] Saving world data: 100%
[2026-09-07 19:38:08] Validating world save: 14%
[2026-09-07 19:38:08] Validating world save: 39%
[2026-09-07 19:38:08] Validating world save: 55%
[2026-09-07 19:38:08] Validating world save: 78%
[2026-09-07 19:38:08] Validating world save: 95%
[2026-09-07 19:38:08] Backing up world file
[2026-09-07 19:38:08] 127.215.87.9:49427 is connecting...
[2026-09-07 19:38:08] Brown has joined.
[2026-09-07 19:38:08] Brown has left.
[2026-09-07 19:38:08] Saving world data: 4%
[2026-09-07 19:38:08] Saving world data: 11%
[2026-09-07 19:38:08] Saving world data: 15%
[2026-09-07 19:38:08] Saving world data: 22%
[2026-09-07 19:38:08] Saving world data: 26%
[2026-09-07 19:38:08] Saving world data: 32%
[2026-09-07 19:38:08] Saving world data: 37%
[2026-09-07 19:38:08] Saving world data: 42%
[2026-09-07 19:38:08] Saving world data: 46%
[2026-09-07 19:38:08] Saving world data: 52%
[2026-09-07 19:38:08] Saving world data: 57%
[2026-09-07 19:38:08] Saving world data: 62%
[2026-09-07 19:38:08] Saving world data: 67%
[2026-09-07 19:38:08] Saving world data: 72%
[2026-09-07 19:38:08] Saving world data: 76%
[2026-09-07 19:38:08] Saving world data: 82%
[2026-09-07 19:38:08] Saving world data: 86%
[2026-09-07 19:38:08] Saving world data: 92%
[2026-09-07 19:38:08] Saving world data: 96%
[2026-09-07 19:38:08] Saving world data: 100%
[2026-09-07 19:38:08] Validating world save: 3%
[2026-09-07 19:38:08] Validating world save: 28%
[2026-09-07 19:38:08] Validating world save: 43%
[2026-09-07 19:38:08] Validating world save: 65%
[2026-09-07 19:38:08] Validating world save: 81%
[2026-09-07 19:38:08] Backing up world file
[2026-09-07 19:38:08] 127.190.221.119:34415 is connecting...
[2026-09-07 19:38:08] Sakagi_Ri has joined.
[2026-09-07 19:38:08] Saving world data: 5%
[2026-09-07 19:38:08] Saving world data: 9%
[2026-09-07 19:38:08] Saving world data: 13%
[2026-09-07 19:38:08] Saving world data: 18%
[2026-09-07 19:38:08] Saving world data: 22%
[2026-09-07 19:38:08] Saving world data: 27%
[2026-09-07 19:38:08] Saving world data: 31%
[2026-09-07 19:38:08] Saving world data: 36%
[2026-09-07 19:38:08] Saving world data: 40%
[2026-09-07 19:38:08] Saving world data: 44%
[2026-09-07 19:38:08] Saving world data: 48%
[2026-09-07 19:38:08] Saving world data: 52%
[2026-09-07 19:38:08] Saving world data: 57%
[2026-09-07 19:38:08] Saving world data: 61%
[2026-09-07 19:38:08] Saving world data: 65%
[2026-09-07 19:38:08] Saving world data: 69%
[2026-09-07 19:38:08] Saving world data: 74%
[2026-09-07 19:38:08] Saving world data: 76%
[2026-09-07 19:38:08] Saving world data: 80%
[2026-09-07 19:38:08] Saving world data: 84%
[2026-09-07 19:38:08] Saving world data: 89%
[2026-09-07 19:38:08] Saving world data: 93%
[2026-09-07 19:38:08] Saving world data: 96%
[2026-09-07 19:38:08] Saving world data: 100%
[2026-09-07 19:38:08] Validating world save: 13%
[2026-09-07 19:38:08] Validating world save: 30%
[2026-09-07 19:38:08] Validating world save: 46%
[2026-09-07 19:38:08] Validating world save: 63%
[2026-09-07 19:38:08] Validating world save: 79%
[2026-09-07 19:38:08] Validating world save: 97%
[2026-09-07 19:38:08] Backing up world file
[2026-09-07 19:38:08] Saving world data: 5%
[2026-09-07 19:38:08] Saving world data: 9%
[2026-09-07 19:38:08] Saving world data: 14%
[2026-09-07 19:38:08] Saving world data: 18%
[2026-09-07 19:38:08] Saving world data: 22%
[2026-09-07 19:38:08] Saving world data: 27%
[2026-09-07 19:38:08] Saving world data: 31%
[2026-09-07 19:38:08] Saving world data: 35%
[2026-09-07 19:38:08] Saving world data: 39%
[2026-09-07 19:38:08] Saving world data: 43%
[2026-09-07 19:38:08] Saving world data: 47%
[2026-09-07 19:38:08] Saving world data: 51%
[2026-09-07 19:38:08] Saving world data: 55%
[2026-09-07 19:38:08] Saving world data: 59%
[2026-09-07 19:38:08] Saving world data: 62%
[2026-09-07 19:38:08] Saving world data: 66%
[2026-09-07 19:38:08] Saving world data: 70%
[2026-09-07 19:38:08] Saving world data: 74%
[2026-09-07 19:38:08] Saving world data: 78%
[2026-09-07 19:38:08] Saving world data: 81%
[2026-09-07 19:38:08] Saving world data: 85%
[2026-09-07 19:38:08] Saving world data: 89%
[2026-09-07 19:38:08] Saving world data: 93%
[2026-09-07 19:38:08] Saving world data: 96%
[2026-09-07 19:38:08] Saving world data: 100%
[2026-09-07 19:38:08] Validating world save: 14%
[2026-09-07 19:38:08] Validating world save: 34%
[2026-09-07 19:38:08] Validating world save: 48%
[2026-09-07 19:38:08] Validating world save: 63%
[2026-09-07 19:38:08] Validating world save: 78%
[2026-09-07 19:38:08] Validating world save: 93%
[2026-09-07 19:38:08] Backing up world file
[2026-09-07 19:38:08] Saving world data: 5%
[2026-09-07 19:38:08] Saving world data: 9%
[2026-09-07 19:38:08] Saving world data: 14%
[2026-09-07 19:38:08] Saving world data: 18%
[2026-09-07 19:38:08] Saving world data: 22%
[2026-09-07 19:38:08] Saving world data: 27%
[2026-09-07 19:38:08] Saving world data: 31%
[2026-09-07 19:38:08] Saving world data: 35%
[2026-09-07 19:38:08] Saving world data: 39%
[2026-09-07 19:38:08] Saving world data: 43%
[2026-09-07 19:38:08] Saving world data: 47%
[2026-09-07 19:38:08] Saving world data: 51%
[2026-09-07 19:38:08] Saving world data: 56%
[2026-09-07 19:38:08] Saving world data: 60%
[2026-09-07 19:38:08] Saving world data: 63%
[2026-09-07 19:38:08] Saving world data: 67%
[2026-09-07 19:38:08] Saving world data: 71%
[2026-09-07 19:38:08] Saving world data: 75%
[2026-09-07 19:38:08] Saving world data: 79%
[2026-09-07 19:38:08] Saving world data: 83%
[2026-09-07 19:38:08] Saving world data: 87%
[2026-09-07 19:38:08] Saving world data: 91%
[2026-09-07 19:38:08] Saving world data: 94%
[2026-09-07 19:38:08] Saving world data: 98%
[2026-09-07 19:38:08] Saving world data: 100%
[2026-09-07 19:38:08] Validating world save: 19%
[2026-09-07 19:38:08] Validating world save: 37%
[2026-09-07 19:38:08] Validating world save: 49%
[2026-09-07 19:38:08] Validating world save: 62%
[2026-09-07 19:38:08] Validating world save: 78%
[2026-09-07 19:38:08] Validating world save: 93%
[2026-09-07 19:38:08] Backing up world file
[2026-09-07 19:38:08] Saving world data: 5%
[2026-09-07 19:38:08] Saving world data: 9%
[2026-09-07 19:38:08] Saving world data: 14%
[2026-09-07 19:38:08] Saving world data: 18%
[2026-09-07 19:38:08] Saving world data: 22%
[2026-09-07 19:38:08] Saving world data: 26%
[2026-09-07 19:38:08] Saving world data: 30%
[2026-09-07 19:38:08] Saving world data: 34%
[2026-09-07 19:38:08] Saving world data: 38%
[2026-09-07 19:38:08] Saving world data: 42%
[2026-09-07 19:38:08] Saving world data: 46%
[2026-09-07 19:38:08] Saving world data: 50%
[2026-09-07 19:38:08] Saving world data: 54%
[2026-09-07 19:38:08] Saving world data: 58%
[2026-09-07 19:38:08] Saving world data: 61%
[2026-09-07 19:38:08] Saving world data: 65%
[2026-09-07 19:38:08] Saving world data: 68%
[2026-09-07 19:38:08] Saving world data: 72%
[2026-09-07 19:38:08] Saving world data: 76%
[2026-09-07 19:38:08] Saving world data: 79%
[2026-09-07 19:38:08] Saving world data: 83%
[2026-09-07 19:38:08] Saving world data: 87%
[2026-09-07 19:38:08] Saving world data: 90%
[2026-09-07 19:38:08] Saving world data: 93%
[2026-09-07 19:38:08] Saving world data: 96%
[2026-09-07 19:38:08] Saving world data: 99%
[2026-09-07 19:38:08] Saving world data: 100%
[2026-09-07 19:38:08] Validating world save: 15%
[2026-09-07 19:38:08] Validating world save: 32%
[2026-09-07 19:38:08] Validating world save: 44%
[2026-09-07 19:38:08] Validating world save: 60%
[2026-09-07 19:38:08] Validating world save: 74%
[2026-09-07 19:38:08] Validating world save: 86%
[2026-09-07 19:38:08] Backing up world file
[2026-09-07 19:38:08] Sakagi_Ri has left.
[2026-09-07 19:38:08] Saving world data: 7%
[2026-09-07 19:38:08] Saving world data: 12%
[2026-09-07 19:38:08] Saving world data: 18%
[2026-09-07 19:38:08] Saving world data: 23%
[2026-09-07 19:38:08] Saving world data: 29%
[2026-09-07 19:38:08] Saving world data: 34%
[2026-09-07 19:38:08] Saving world data: 39%
[2026-09-07 19:38:08] Saving world data: 43%
[2026-09-07 19:38:08] Saving world data: 49%
[2026-09-07 19:38:08] Saving world data: 54%
[2026-09-07 19:38:08] Saving world data: 60%
[2026-09-07 19:38:08] Saving world data: 63%
[2026-09-07 19:38:08] Saving world data: 69%
[2026-09-07 19:38:08] Saving world data: 73%
[2026-09-07 19:38:08] Saving world data: 79%
[2026-09-07 19:38:08] Saving world data: 82%
[2026-09-07 19:38:08] Saving world data: 88%
[2026-09-07 19:38:08] Saving world data: 92%
[2026-09-07 19:38:08] Saving world data: 98%
[2026-09-07 19:38:08] Saving world data: 100%
[2026-09-07 19:38:08] Validating world save: 12%
[2026-09-07 19:38:08] Validating world save: 32%
[2026-09-07 19:38:08] Validating world save: 55%
[2026-09-07 19:38:08] Validating world save: 71%
[2026-09-07 19:38:08] Validating world save: 95%
[2026-09-07 19:38:08] Backing up world file
[2026-09-07 19:38:08] 127.190.221.119:57939 is connecting...
[2026-09-07 19:38:08] Sakagi_Ri has joined.
[2026-09-07 19:38:08] Saving world data: 2%
[2026-09-07 19:38:08] Saving world data: 4%
[2026-09-07 19:38:08] Saving world data: 8%
[2026-09-07 19:38:08] Saving world data: 11%
[2026-09-07 19:38:08] Saving world data: 14%
[2026-09-07 19:38:08] Saving world data: 18%
[2026-09-07 19:38:08] Saving world data: 21%
[2026-09-07 19:38:08] Saving world data: 25%
[2026-09-07 19:38:08] Saving world data: 28%
[2026-09-07 19:38:08] Saving world data: 32%
[2026-09-07 19:38:08] Saving world data: 35%
[2026-09-07 19:38:08] Saving world data: 38%
[2026-09-07 19:38:08] Saving world data: 42%
[2026-09-07 19:38:08] Saving world data: 45%
[2026-09-07 19:38:08] Saving world data: 48%
[2026-09-07 19:38:08] Saving world data: 51%
[2026-09-07 19:38:08] Saving world data: 55%
[2026-09-07 19:38:08] Saving world data: 58%
[2026-09-07 19:38:08] Saving world data: 61%
[2026-09-07 19:38:08] Saving world data: 64%
[2026-09-07 19:38:08] Saving world data: 68%
[2026-09-07 19:38:08] Saving world data: 71%
[2026-09-07 19:38:08] Saving world data: 74%
[2026-09-07 19:38:08] Saving world data: 78%
[2026-09-07 19:38:08] Saving world data: 80%
[2026-09-07 19:38:08] Saving world data: 83%
[2026-09-07 19:38:08] Saving world data: 87%
[2026-09-07 19:38:08] Saving world data: 90%
[2026-09-07 19:38:08] Saving world data: 94%
[2026-09-07 19:38:08] Saving world data: 96%
[2026-09-07 19:38:08] Saving world data: 100%
[2026-09-07 19:38:08] Validating world save: 4%
[2026-09-07 19:38:08] Validating world save: 19%
[2026-09-07 19:38:08] Validating world save: 35%
[2026-09-07 19:38:08] Validating world save: 46%
[2026-09-07 19:38:08] Validating world save: 61%
[2026-09-07 19:38:08] Validating world save: 75%
[2026-09-07 19:38:08] Validating world save: 87%
[2026-09-07 19:38:08] Backing up world file
[2026-09-07 19:38:08] Saving world data: 5%
[2026-09-07 19:38:08] Saving world data: 9%
[2026-09-07 19:38:08] Saving world data: 14%
[2026-09-07 19:38:08] Saving world data: 18%
[2026-09-07 19:38:08] Saving world data: 23%
[2026-09-07 19:38:08] Saving world data: 27%
[2026-09-07 19:38:08] Saving world data: 32%
[2026-09-07 19:38:08] Saving world data: 36%
[2026-09-07 19:38:08] Saving world data: 40%
[2026-09-07 19:38:08] Saving world data: 44%
[2026-09-07 19:38:08] Saving world data: 48%
[2026-09-07 19:38:08] Saving world data: 52%
[2026-09-07 19:38:08] Saving world data: 57%
[2026-09-07 19:38:08] Saving world data: 61%
[2026-09-07 19:38:08] Saving world data: 64%
[2026-09-07 19:38:08] Saving world data: 69%
[2026-09-07 19:38:08] Saving world data: 73%
[2026-09-07 19:38:08] Saving world data: 76%
[2026-09-07 19:38:08] Saving world data: 80%
[2026-09-07 19:38:08] Saving world data: 83%
[2026-09-07 19:38:08] Saving world data: 87%
[2026-09-07 19:38:08] Saving world data: 91%
[2026-09-07 19:38:08] Saving world data: 96%
[2026-09-07 19:38:08] Saving world data: 99%
[2026-09-07 19:38:08] Saving world data: 100%
[2026-09-07 19:38:08] Validating world save: 10%
[2026-09-07 19:38:08] Validating world save: 28%
[2026-09-07 19:38:08] Validating world save: 41%
[2026-09-07 19:38:08] Validating world save: 55%
[2026-09-07 19:38:08] Validating world save: 68%
[2026-09-07 19:38:08] Validating world save: 81%
[2026-09-07 19:38:08] Validating world save: 96%
[2026-09-07 19:38:08] Backing up world file
[2026-09-07 19:38:08] Saving world data: 5%
[2026-09-07 19:38:08] Saving world data: 9%
[2026-09-07 19:38:08] Saving world data: 14%
[2026-09-07 19:38:08] Saving world data: 18%
[2026-09-07 19:38:08] Saving world data: 22%
[2026-09-07 19:38:08] Saving world data: 26%
[2026-09-07 19:38:08] Saving world data: 30%
[2026-09-07 19:38:08] Saving world data: 34%
[2026-09-07 19:38:08] Saving world data: 38%
[2026-09-07 19:38:08] Saving world data: 42%
[2026-09-07 19:38:08] Saving world data: 45%
[2026-09-07 19:38:08] Saving world data: 49%
[2026-09-07 19:38:08] Saving world data: 53%
[2026-09-07 19:38:08] Saving world data: 57%
[2026-09-07 19:38:08] Saving world data: 61%
[2026-09-07 19:38:08] Saving world data: 64%
[2026-09-07 19:38:08] Saving world data: 68%
[2026-09-07 19:38:08] Saving world data: 72%
[2026-09-07 19:38:08] Saving world data: 76%
[2026-09-07 19:38:08] Saving world data: 80%
[2026-09-07 19:38:08] Saving world data: 84%
[2026-09-07 19:38:08] Saving world data: 88%
[2026-09-07 19:38:08] Saving world data: 92%
[2026-09-07 19:38:08] Saving world data: 96%
[2026-09-07 19:38:08] Saving world data: 99%
[2026-09-07 19:38:08] Saving world data: 100%
[2026-09-07 19:38:08] Validating world save: 8%
[2026-09-07 19:38:08] Validating world save: 27%
[2026-09-07 19:38:08] Validating world save: 42%
[2026-09-07 19:38:08] Validating world save: 60%
[2026-09-07 19:38:08] Validating world save: 75%
[2026-09-07 19:38:08] Validating world save: 92%
[2026-09-07 19:38:08] Backing up world file
[2026-09-07 19:38:08] Saving world data: 5%
[2026-09-07 19:38:08] Saving world data: 9%
[2026-09-07 19:38:08] Saving world data: 13%
[2026-09-07 19:38:08] Saving world data: 17%
[2026-09-07 19:38:08] Saving world data: 22%
[2026-09-07 19:38:08] Saving world data: 26%
[2026-09-07 19:38:08] Saving world data: 30%
[2026-09-07 19:38:08] Saving world data: 34%
[2026-09-07 19:38:08] Saving world data: 38%
[2026-09-07 19:38:08] Saving world data: 42%
[2026-09-07 19:38:08] Saving world data: 46%
[2026-09-07 19:38:08] Saving world data: 50%
[2026-09-07 19:38:08] Saving world data: 54%
[2026-09-07 19:38:08] Saving world data: 58%
[2026-09-07 19:38:08] Saving world data: 62%
[2026-09-07 19:38:08] Saving world data: 66%
[2026-09-07 19:38:08] Saving world data: 70%
[2026-09-07 19:38:08] Saving world data: 72%
[2026-09-07 19:38:08] Saving world data: 76%
[2026-09-07 19:38:08] Saving world data: 80%
[2026-09-07 19:38:08] Saving world data: 84%
[2026-09-07 19:38:08] Saving world data: 88%
[2026-09-07 19:38:08] Saving world data: 92%
[2026-09-07 19:38:08] Saving world data: 96%
[2026-09-07 19:38:08] Saving world data: 99%
[2026-09-07 19:38:08] Saving world data: 100%
[2026-09-07 19:38:08] Validating world save: 10%
[2026-09-07 19:38:08] Validating world save: 29%
[2026-09-07 19:38:08] Validating world save: 43%
[2026-09-07 19:38:08] Validating world save: 59%
[2026-09-07 19:38:08] Validating world save: 74%
[2026-09-07 19:38:08] Validating world save: 89%
[2026-09-07 19:38:08] Backing up world file
[2026-09-07 19:38:08] Saving world data: 5%
[2026-09-07 19:38:08] Saving world data: 9%
[2026-09-07 19:38:08] Saving world data: 13%
[2026-09-07 19:38:08] Saving world data: 17%
[2026-09-07 19:38:08] Saving world data: 21%
[2026-09-07 19:38:08] Saving world data: 25%
[2026-09-07 19:38:08] Saving world data: 29%
[2026-09-07 19:38:08] Saving world data: 34%
[2026-09-07 19:38:08] Saving world data: 37%
[2026-09-07 19:38:08] Saving world data: 41%
[2026-09-07 19:38:08] Saving world data: 44%
[2026-09-07 19:38:08] Saving world data: 48%
[2026-09-07 19:38:08] Saving world data: 52%
[2026-09-07 19:38:08] Saving world data: 56%
[2026-09-07 19:38:08] Saving world data: 60%
[2026-09-07 19:38:08] Saving world data: 63%
[2026-09-07 19:38:08] Saving world data: 67%
[2026-09-07 19:38:08] Saving world data: 71%
[2026-09-07 19:38:08] Saving world data: 75%
[2026-09-07 19:38:08] Saving world data: 79%
[2026-09-07 19:38:08] Saving world data: 82%
[2026-09-07 19:38:08] Saving world data: 86%
[2026-09-07 19:38:08] Saving world data: 90%
[2026-09-07 19:38:08] Saving world data: 94%
[2026-09-07 19:38:08] Saving world data: 97%
[2026-09-07 19:38:08] Saving world data: 100%
[2026-09-07 19:38:08] Validating world save: 11%
[2026-09-07 19:38:08] Validating world save: 30%
[2026-09-07 19:38:08] Validating world save: 45%
[2026-09-07 19:38:08] Validating world save: 62%
[2026-09-07 19:38:08] Validating world save: 78%
[2026-09-07 19:38:08] Validating world save: 95%
[2026-09-07 19:38:08] Backing up world file
[2026-09-07 19:38:08] Saving world data: 5%
[2026-09-07 19:38:08] Saving world data: 10%
[2026-09-07 19:38:08] Saving world data: 14%
[2026-09-07 19:38:08] Saving world data: 18%
[2026-09-07 19:38:08] Saving world data: 22%
[2026-09-07 19:38:08] Saving world data: 26%
[2026-09-07 19:38:08] Saving world data: 30%
[2026-09-07 19:38:08] Saving world data: 34%
[2026-09-07 19:38:08] Saving world data: 38%
[2026-09-07 19:38:08] Saving world data: 42%
[2026-09-07 19:38:08] Saving world data: 45%
[2026-09-07 19:38:08] Saving world data: 49%
[2026-09-07 19:38:08] Saving world data: 53%
[2026-09-07 19:38:08] Saving world data: 57%
[2026-09-07 19:38:08] Saving world data: 61%
[2026-09-07 19:38:08] Saving world data: 64%
[2026-09-07 19:38:08] Saving world data: 68%
[2026-09-07 19:38:08] Saving world data: 72%
[2026-09-07 19:38:08] Saving world data: 77%
[2026-09-07 19:38:08] Saving world data: 80%
[2026-09-07 19:38:08] Saving world data: 84%
[2026-09-07 19:38:08] Saving world data: 89%
[2026-09-07 19:38:08] Saving world data: 93%
[2026-09-07 19:38:08] Saving world data: 96%
[2026-09-07 19:38:08] Saving world data: 100%
[2026-09-07 19:38:08] Validating world save: 15%
[2026-09-07 19:38:08] Validating world save: 34%
[2026-09-07 19:38:08] Validating world save: 48%
[2026-09-07 19:38:08] Validating world save: 64%
[2026-09-07 19:38:08] Validating world save: 79%
[2026-09-07 19:38:08] Validating world save: 96%
[2026-09-07 19:38:08] Backing up world file
[2026-09-07 19:38:08] Saving world data: 5%
[2026-09-07 19:38:08] Saving world data: 9%
[2026-09-07 19:38:08] Saving world data: 14%
[2026-09-07 19:38:08] Saving world data: 18%
[2026-09-07 19:38:08] Saving world data: 22%
[2026-09-07 19:38:08] Saving world data: 26%
[2026-09-07 19:38:08] Saving world data: 31%
[2026-09-07 19:38:08] Saving world data: 35%
[2026-09-07 19:38:08] Saving world data: 39%
[2026-09-07 19:38:08] Saving world data: 42%
[2026-09-07 19:38:08] Saving world data: 46%
[2026-09-07 19:38:08] Saving world data: 50%
[2026-09-07 19:38:08] Saving world data: 55%
[2026-09-07 19:38:08] Saving world data: 59%
[2026-09-07 19:38:08] Saving world data: 62%
[2026-09-07 19:38:08] Saving world data: 66%
[2026-09-07 19:38:08] Saving world data: 70%
[2026-09-07 19:38:08] Saving world data: 74%
[2026-09-07 19:38:08] Saving world data: 78%
[2026-09-07 19:38:08] Saving world data: 81%
[2026-09-07 19:38:08] Saving world data: 85%
[2026-09-07 19:38:08] Saving world data: 90%
[2026-09-07 19:38:08] Saving world data: 94%
[2026-09-07 19:38:08] Saving world data: 97%
[2026-09-07 19:38:08] Saving world data: 100%
[2026-09-07 19:38:08] Validating world save: 18%
[2026-09-07 19:38:08] Validating world save: 37%
[2026-09-07 19:38:08] Validating world save: 51%
[2026-09-07 19:38:08] Validating world save: 66%
[2026-09-07 19:38:08] Validating world save: 81%
[2026-09-07 19:38:08] Validating world save: 98%
[2026-09-07 19:38:08] Backing up world file
[2026-09-07 19:38:08] Saving world data: 5%
[2026-09-07 19:38:08] Saving world data: 9%
[2026-09-07 19:38:08] Saving world data: 13%
[2026-09-07 19:38:08] Saving world data: 17%
[2026-09-07 19:38:08] Saving world data: 21%
[2026-09-07 19:38:08] Saving world data: 25%
[2026-09-07 19:38:08] Saving world data: 29%
[2026-09-07 19:38:08] Saving world data: 32%
[2026-09-07 19:38:08] Saving world data: 36%
[2026-09-07 19:38:08] Saving world data: 40%
[2026-09-07 19:38:08] Saving world data: 43%
[2026-09-07 19:38:08] Saving world data: 47%
[2026-09-07 19:38:08] Saving world data: 50%
[2026-09-07 19:38:08] Saving world data: 54%
[2026-09-07 19:38:08] Saving world data: 58%
[2026-09-07 19:38:08] Saving world data: 61%
[2026-09-07 19:38:08] Saving world data: 64%
[2026-09-07 19:38:08] Saving world data: 68%
[2026-09-07 19:38:08] Saving world data: 72%
[2026-09-07 19:38:08] Saving world data: 75%
[2026-09-07 19:38:08] Saving world data: 79%
[2026-09-07 19:38:08] Saving world data: 83%
[2026-09-07 19:38:08] Saving world data: 87%
[2026-09-07 19:38:08] Saving world data: 91%
[2026-09-07 19:38:08] Saving world data: 95%
[2026-09-07 19:38:08] Saving world data: 98%
[2026-09-07 19:38:08] Saving world data: 100%
[2026-09-07 19:38:08] Validating world save: 2%
[2026-09-07 19:38:08] Validating world save: 19%
[2026-09-07 19:38:08] Validating world save: 37%
[2026-09-07 19:38:08] Validating world save: 50%
[2026-09-07 19:38:08] Validating world save: 65%
[2026-09-07 19:38:08] Validating world save: 80%
[2026-09-07 19:38:08] Validating world save: 95%
[2026-09-07 19:38:08] Backing up world file
[2026-09-07 19:38:08] Saving world data: 5%
[2026-09-07 19:38:08] Saving world data: 9%
[2026-09-07 19:38:08] Saving world data: 14%
[2026-09-07 19:38:08] Saving world data: 18%
[2026-09-07 19:38:08] Saving world data: 22%
[2026-09-07 19:38:08] Saving world data: 27%
[2026-09-07 19:38:08] Saving world data: 31%
[2026-09-07 19:38:08] Saving world data: 35%
[2026-09-07 19:38:08] Saving world data: 39%
[2026-09-07 19:38:08] Saving world data: 43%
[2026-09-07 19:38:08] Saving world data: 47%
[2026-09-07 19:38:08] Saving world data: 51%
[2026-09-07 19:38:08] Saving world data: 55%
[2026-09-07 19:38:08] Saving world data: 59%
[2026-09-07 19:38:08] Saving world data: 62%
[2026-09-07 19:38:08] Saving world data: 66%
[2026-09-07 19:38:08] Saving world data: 70%
[2026-09-07 19:38:08] Saving world data: 73%
[2026-09-07 19:38:08] Saving world data: 77%
[2026-09-07 19:38:08] Saving world data: 81%
[2026-09-07 19:38:08] Saving world data: 85%
[2026-09-07 19:38:08] Saving world data: 89%
[2026-09-07 19:38:08] Saving world data: 93%
[2026-09-07 19:38:08] Saving world data: 96%
[2026-09-07 19:38:08] Saving world data: 100%
[2026-09-07 19:38:08] Validating world save: 15%
[2026-09-07 19:38:08] Validating world save: 31%
[2026-09-07 19:38:08] Validating world save: 44%
[2026-09-07 19:38:08] Validating world save: 60%
[2026-09-07 19:38:08] Validating world save: 74%
[2026-09-07 19:38:08] Validating world save: 88%
[2026-09-07 19:38:08] Backing up world file
[2026-09-07 19:38:08] Saving world data: 5%
[2026-09-07 19:38:08] Saving world data: 9%
[2026-09-07 19:38:08] Saving world data: 13%
[2026-09-07 19:38:08] Saving world data: 17%
[2026-09-07 19:38:08] Saving world data: 21%
[2026-09-07 19:38:08] Saving world data: 25%
[2026-09-07 19:38:08] Saving world data: 29%
[2026-09-07 19:38:08] Saving world data: 33%
[2026-09-07 19:38:08] Saving world data: 37%
[2026-09-07 19:38:08] Saving world data: 41%
[2026-09-07 19:38:08] Saving world data: 44%
[2026-09-07 19:38:08] Saving world data: 48%
[2026-09-07 19:38:08] Saving world data: 52%
[2026-09-07 19:38:08] Saving world data: 56%
[2026-09-07 19:38:08] Saving world data: 60%
[2026-09-07 19:38:08] Saving world data: 63%
[2026-09-07 19:38:08] Saving world data: 67%
[2026-09-07 19:38:08] Saving world data: 71%
[2026-09-07 19:38:08] Saving world data: 74%
[2026-09-07 19:38:08] Saving world data: 77%
[2026-09-07 19:38:08] Saving world data: 80%
[2026-09-07 19:38:08] Saving world data: 83%
[2026-09-07 19:38:08] Saving world data: 86%
[2026-09-07 19:38:08] Saving world data: 89%
[2026-09-07 19:38:08] Saving world data: 93%
[2026-09-07 19:38:08] Saving world data: 96%
[2026-09-07 19:38:08] Saving world data: 99%
[2026-09-07 19:38:08] Saving world data: 100%
[2026-09-07 19:38:08] Validating world save: 15%
[2026-09-07 19:38:08] Validating world save: 31%
[2026-09-07 19:38:08] Validating world save: 42%
[2026-09-07 19:38:08] Validating world save: 55%
[2026-09-07 19:38:08] Validating world save: 67%
[2026-09-07 19:38:08] Validating world save: 80%
[2026-09-07 19:38:08] Validating world save: 93%
[2026-09-07 19:38:08] Backing up world file
[2026-09-07 19:38:08] Sakagi_Ri has left.
[2026-09-07 19:38:08] Saving world data: 5%
[2026-09-07 19:38:08] Saving world data: 12%
[2026-09-07 19:38:08] Saving world data: 16%
[2026-09-07 19:38:08] Saving world data: 23%
[2026-09-07 19:38:08] Saving world data: 28%
[2026-09-07 19:38:08] Saving world data: 34%
[2026-09-07 19:38:08] Saving world data: 39%
[2026-09-07 19:38:08] Saving world data: 44%
[2026-09-07 19:38:08] Saving world data: 49%
[2026-09-07 19:38:08] Saving world data: 51%
[2026-09-07 19:38:08] Saving world data: 55%
[2026-09-07 19:38:08] Saving world data: 61%
[2026-09-07 19:38:08] Saving world data: 65%
[2026-09-07 19:38:08] Saving world data: 71%
[2026-09-07 19:38:08] Saving world data: 75%
[2026-09-07 19:38:08] Saving world data: 81%
[2026-09-07 19:38:08] Saving world data: 85%
[2026-09-07 19:38:08] Saving world data: 91%
[2026-09-07 19:38:08] Saving world data: 96%
[2026-09-07 19:38:08] Saving world data: 100%
[2026-09-07 19:38:08] Validating world save: 25%
[2026-09-07 19:38:08] Validating world save: 41%
[2026-09-07 19:38:08] Validating world save: 63%
[2026-09-07 19:38:08] Validating world save: 79%
[2026-09-07 19:38:08] Backing up world file
[2026-09-07 19:38:08] 127.190.221.119:53863 is connecting...
[2026-09-07 19:38:08] maybemavis has joined.
[2026-09-07 19:38:08] 127.190.221.119:33343 is connecting...
[2026-09-07 19:38:08] Sakagi_Ri has joined.
[2026-09-07 19:38:08] Saving world data: 5%
[2026-09-07 19:38:08] Saving world data: 9%
[2026-09-07 19:38:08] Saving world data: 13%
[2026-09-07 19:38:08] Saving world data: 18%
[2026-09-07 19:38:08] Saving world data: 22%
[2026-09-07 19:38:08] Saving world data: 27%
[2026-09-07 19:38:08] Saving world data: 31%
[2026-09-07 19:38:08] Saving world data: 35%
[2026-09-07 19:38:08] Saving world data: 39%
[2026-09-07 19:38:08] Saving world data: 42%
[2026-09-07 19:38:08] Saving world data: 46%
[2026-09-07 19:38:08] Saving world data: 50%
[2026-09-07 19:38:08] Saving world data: 54%
[2026-09-07 19:38:08] Saving world data: 58%
[2026-09-07 19:38:08] Saving world data: 61%
[2026-09-07 19:38:08] Saving world data: 65%
[2026-09-07 19:38:08] Saving world data: 69%
[2026-09-07 19:38:08] Saving world data: 72%
[2026-09-07 19:38:08] Saving world data: 76%
[2026-09-07 19:38:08] Saving world data: 80%
[2026-09-07 19:38:08] Saving world data: 84%
[2026-09-07 19:38:08] Saving world data: 88%
[2026-09-07 19:38:08] Saving world data: 92%
[2026-09-07 19:38:08] Saving world data: 96%
[2026-09-07 19:38:08] Saving world data: 99%
[2026-09-07 19:38:08] Saving world data: 100%
[2026-09-07 19:38:08] Validating world save: 5%
[2026-09-07 19:38:08] Validating world save: 25%
[2026-09-07 19:38:08] Validating world save: 42%
[2026-09-07 19:38:08] Validating world save: 59%
[2026-09-07 19:38:08] Validating world save: 74%
[2026-09-07 19:38:08] Validating world save: 91%
[2026-09-07 19:38:08] Backing up world file
[2026-09-07 19:38:08] Saving world data: 5%
[2026-09-07 19:38:08] Saving world data: 9%
[2026-09-07 19:38:08] Saving world data: 13%
[2026-09-07 19:38:08] Saving world data: 17%
[2026-09-07 19:38:08] Saving world data: 21%
[2026-09-07 19:38:08] Saving world data: 25%
[2026-09-07 19:38:08] Saving world data: 29%
[2026-09-07 19:38:08] Saving world data: 32%
[2026-09-07 19:38:08] Saving world data: 36%
[2026-09-07 19:38:08] Saving world data: 39%
[2026-09-07 19:38:08] Saving world data: 43%
[2026-09-07 19:38:08] Saving world data: 47%
[2026-09-07 19:38:08] Saving world data: 51%
[2026-09-07 19:38:08] Saving world data: 55%
[2026-09-07 19:38:08] Saving world data: 59%
[2026-09-07 19:38:08] Saving world data: 62%
[2026-09-07 19:38:08] Saving world data: 66%
[2026-09-07 19:38:08] Saving world data: 68%
[2026-09-07 19:38:08] Saving world data: 72%
[2026-09-07 19:38:08] Saving world data: 76%
[2026-09-07 19:38:08] Saving world data: 80%
[2026-09-07 19:38:08] Saving world data: 84%
[2026-09-07 19:38:08] Saving world data: 87%
[2026-09-07 19:38:08] Saving world data: 91%
[2026-09-07 19:38:08] Saving world data: 95%
[2026-09-07 19:38:08] Saving world data: 99%
[2026-09-07 19:38:08] Saving world data: 100%
[2026-09-07 19:38:08] Validating world save: 6%
[2026-09-07 19:38:08] Validating world save: 25%
[2026-09-07 19:38:08] Validating world save: 40%
[2026-09-07 19:38:08] Validating world save: 55%
[2026-09-07 19:38:08] Validating world save: 70%
[2026-09-07 19:38:08] Validating world save: 84%
[2026-09-07 19:38:08] Backing up world file
[2026-09-07 19:38:08] maybemavis has left.
[2026-09-07 19:38:08] 127.190.221.119:54175 is connecting...
[2026-09-07 19:38:08] maybemavis has joined.
[2026-09-07 19:38:08] Saving world data: 5%
[2026-09-07 19:38:08] Saving world data: 9%
[2026-09-07 19:38:08] Saving world data: 14%
[2026-09-07 19:38:08] Saving world data: 18%
[2026-09-07 19:38:08] Saving world data: 23%
[2026-09-07 19:38:08] Saving world data: 27%
[2026-09-07 19:38:08] Saving world data: 31%
[2026-09-07 19:38:08] Saving world data: 36%
[2026-09-07 19:38:08] Saving world data: 40%
[2026-09-07 19:38:08] Saving world data: 43%
[2026-09-07 19:38:08] Saving world data: 48%
[2026-09-07 19:38:08] Saving world data: 51%
[2026-09-07 19:38:08] Saving world data: 55%
[2026-09-07 19:38:08] Saving world data: 59%
[2026-09-07 19:38:08] Saving world data: 62%
[2026-09-07 19:38:08] Saving world data: 66%
[2026-09-07 19:38:08] Saving world data: 70%
[2026-09-07 19:38:08] Saving world data: 73%
[2026-09-07 19:38:08] Saving world data: 77%
[2026-09-07 19:38:08] Saving world data: 81%
[2026-09-07 19:38:08] Saving world data: 85%
[2026-09-07 19:38:08] Saving world data: 88%
[2026-09-07 19:38:08] Saving world data: 92%
[2026-09-07 19:38:08] Saving world data: 96%
[2026-09-07 19:38:08] Saving world data: 99%
[2026-09-07 19:38:08] Saving world data: 100%
[2026-09-07 19:38:08] Validating world save: 7%
[2026-09-07 19:38:08] Validating world save: 25%
[2026-09-07 19:38:08] Validating world save: 40%
[2026-09-07 19:38:08] Validating world save: 55%
[2026-09-07 19:38:08] Validating world save: 69%
[2026-09-07 19:38:08] Validating world save: 83%
[2026-09-07 19:38:08] Validating world save: 100%
[2026-09-07 19:38:08] Backing up world file
[2026-09-07 19:38:08] Saving world data: 5%
[2026-09-07 19:38:08] Saving world data: 9%
[2026-09-07 19:38:08] Saving world data: 13%
[2026-09-07 19:38:08] Saving world data: 16%
[2026-09-07 19:38:08] Saving world data: 20%
[2026-09-07 19:38:08] Saving world data: 23%
[2026-09-07 19:38:08] Saving world data: 27%
[2026-09-07 19:38:08] Saving world data: 30%
[2026-09-07 19:38:08] Saving world data: 33%
[2026-09-07 19:38:08] Saving world data: 37%
[2026-09-07 19:38:08] Saving world data: 40%
[2026-09-07 19:38:08] Saving world data: 43%
[2026-09-07 19:38:08] Saving world data: 46%
[2026-09-07 19:38:08] Saving world data: 49%
[2026-09-07 19:38:08] Saving world data: 52%
[2026-09-07 19:38:08] Saving world data: 55%
[2026-09-07 19:38:08] Saving world data: 59%
[2026-09-07 19:38:08] Saving world data: 61%
[2026-09-07 19:38:08] Saving world data: 64%
[2026-09-07 19:38:08] Saving world data: 68%
[2026-09-07 19:38:08] Saving world data: 71%
[2026-09-07 19:38:08] Saving world data: 74%
[2026-09-07 19:38:08] Saving world data: 77%
[2026-09-07 19:38:08] Saving world data: 80%
[2026-09-07 19:38:08] Saving world data: 84%
[2026-09-07 19:38:08] Saving world data: 87%
[2026-09-07 19:38:08] Saving world data: 90%
[2026-09-07 19:38:08] Saving world data: 94%
[2026-09-07 19:38:08] Saving world data: 96%
[2026-09-07 19:38:08] Saving world data: 100%
[2026-09-07 19:38:08] Validating world save: 4%
[2026-09-07 19:38:08] Validating world save: 19%
[2026-09-07 19:38:08] Validating world save: 35%
[2026-09-07 19:38:08] Validating world save: 45%
[2026-09-07 19:38:08] Validating world save: 60%
[2026-09-07 19:38:08] Validating world save: 72%
[2026-09-07 19:38:08] Validating world save: 84%
[2026-09-07 19:38:08] Validating world save: 100%
[2026-09-07 19:38:08] Backing up world file
[2026-09-07 19:38:08] Saving world data: 4%
[2026-09-07 19:38:08] Saving world data: 8%
[2026-09-07 19:38:08] Saving world data: 11%
[2026-09-07 19:38:08] Saving world data: 14%
[2026-09-07 19:38:08] Saving world data: 18%
[2026-09-07 19:38:08] Saving world data: 21%
[2026-09-07 19:38:08] Saving world data: 24%
[2026-09-07 19:38:08] Saving world data: 28%
[2026-09-07 19:38:08] Saving world data: 31%
[2026-09-07 19:38:08] Saving world data: 34%
[2026-09-07 19:38:08] Saving world data: 37%
[2026-09-07 19:38:08] Saving world data: 40%
[2026-09-07 19:38:08] Saving world data: 43%
[2026-09-07 19:38:08] Saving world data: 46%
[2026-09-07 19:38:08] Saving world data: 49%
[2026-09-07 19:38:08] Saving world data: 52%
[2026-09-07 19:38:08] Saving world data: 56%
[2026-09-07 19:38:08] Saving world data: 59%
[2026-09-07 19:38:08] Saving world data: 62%
[2026-09-07 19:38:08] Saving world data: 65%
[2026-09-07 19:38:08] Saving world data: 68%
[2026-09-07 19:38:08] Saving world data: 71%
[2026-09-07 19:38:08] Saving world data: 74%
[2026-09-07 19:38:08] Saving world data: 77%
[2026-09-07 19:38:08] Saving world data: 80%
[2026-09-07 19:38:08] Saving world data: 83%
[2026-09-07 19:38:08] Saving world data: 86%
[2026-09-07 19:38:08] Saving world data: 89%
[2026-09-07 19:38:08] Saving world data: 93%
[2026-09-07 19:38:08] Saving world data: 96%
[2026-09-07 19:38:08] Saving world data: 98%
[2026-09-07 19:38:08] Saving world data: 100%
[2026-09-07 19:38:08] Validating world save: 8%
[2026-09-07 19:38:08] Validating world save: 25%
[2026-09-07 19:38:08] Validating world save: 39%
[2026-09-07 19:38:08] Validating world save: 50%
[2026-09-07 19:38:08] Validating world save: 63%
[2026-09-07 19:38:08] Validating world save: 76%
[2026-09-07 19:38:08] Validating world save: 89%
[2026-09-07 19:38:08] Backing up world file
[2026-09-07 19:38:08] Saving world data: 5%
[2026-09-07 19:38:08] Saving world data: 9%
[2026-09-07 19:38:08] Saving world data: 14%
[2026-09-07 19:38:08] Saving world data: 18%
[2026-09-07 19:38:08] Saving world data: 22%
[2026-09-07 19:38:08] Saving world data: 26%
[2026-09-07 19:38:08] Saving world data: 30%
[2026-09-07 19:38:08] Saving world data: 34%
[2026-09-07 19:38:08] Saving world data: 38%
[2026-09-07 19:38:08] Saving world data: 41%
[2026-09-07 19:38:08] Saving world data: 44%
[2026-09-07 19:38:08] Saving world data: 48%
[2026-09-07 19:38:08] Saving world data: 52%
[2026-09-07 19:38:08] Saving world data: 55%
[2026-09-07 19:38:08] Saving world data: 59%
[2026-09-07 19:38:08] Saving world data: 62%
[2026-09-07 19:38:08] Saving world data: 65%
[2026-09-07 19:38:08] Saving world data: 69%
[2026-09-07 19:38:08] Saving world data: 73%
[2026-09-07 19:38:08] Saving world data: 77%
[2026-09-07 19:38:08] Saving world data: 80%
[2026-09-07 19:38:08] Saving world data: 84%
[2026-09-07 19:38:08] Saving world data: 88%
[2026-09-07 19:38:08] Saving world data: 92%
[2026-09-07 19:38:08] Saving world data: 96%
[2026-09-07 19:38:08] Saving world data: 99%
[2026-09-07 19:38:08] Saving world data: 100%
[2026-09-07 19:38:08] Validating world save: 7%
[2026-09-07 19:38:08] Validating world save: 26%
[2026-09-07 19:38:08] Validating world save: 41%
[2026-09-07 19:38:08] Validating world save: 55%
[2026-09-07 19:38:08] Validating world save: 66%
[2026-09-07 19:38:08] Validating world save: 78%
[2026-09-07 19:38:08] Validating world save: 90%
[2026-09-07 19:38:08] Backing up world file
[2026-09-07 19:38:08] Saving world data: 5%
[2026-09-07 19:38:08] Saving world data: 9%
[2026-09-07 19:38:08] Saving world data: 13%
[2026-09-07 19:38:08] Saving world data: 18%
[2026-09-07 19:38:08] Saving world data: 22%
[2026-09-07 19:38:08] Saving world data: 26%
[2026-09-07 19:38:08] Saving world data: 30%
[2026-09-07 19:38:08] Saving world data: 34%
[2026-09-07 19:38:08] Saving world data: 38%
[2026-09-07 19:38:08] Saving world data: 41%
[2026-09-07 19:38:08] Saving world data: 45%
[2026-09-07 19:38:08] Saving world data: 49%
[2026-09-07 19:38:08] Saving world data: 53%
[2026-09-07 19:38:08] Saving world data: 57%
[2026-09-07 19:38:08] Saving world data: 61%
[2026-09-07 19:38:08] Saving world data: 64%
[2026-09-07 19:38:08] Saving world data: 69%
[2026-09-07 19:38:08] Saving world data: 72%
[2026-09-07 19:38:08] Saving world data: 76%
[2026-09-07 19:38:08] Saving world data: 80%
[2026-09-07 19:38:08] Saving world data: 84%
[2026-09-07 19:38:08] Saving world data: 87%
[2026-09-07 19:38:08] Saving world data: 91%
[2026-09-07 19:38:08] Saving world data: 95%
[2026-09-07 19:38:08] Saving world data: 99%
[2026-09-07 19:38:08] Saving world data: 100%
[2026-09-07 19:38:08] Validating world save: 5%
[2026-09-07 19:38:08] Validating world save: 25%
[2026-09-07 19:38:08] Validating world save: 41%
[2026-09-07 19:38:08] Validating world save: 58%
[2026-09-07 19:38:08] Validating world save: 74%
[2026-09-07 19:38:08] Validating world save: 90%
[2026-09-07 19:38:08] Backing up world file
[2026-09-07 19:38:08] <Sakagi_Ri> [i:2458][i:2458][i:2458][i:2458][i:2458][i:2458][i:2458]
[2026-09-07 19:38:08] Saving world data: 5%
[2026-09-07 19:38:08] Saving world data: 9%
[2026-09-07 19:38:08] Saving world data: 14%
[2026-09-07 19:38:08] Saving world data: 18%
[2026-09-07 19:38:08] Saving world data: 23%
[2026-09-07 19:38:08] Saving world data: 27%
[2026-09-07 19:38:08] Saving world data: 32%
[2026-09-07 19:38:08] Saving world data: 36%
[2026-09-07 19:38:08] Saving world data: 40%
[2026-09-07 19:38:08] Saving world data: 44%
[2026-09-07 19:38:08] Saving world data: 48%
[2026-09-07 19:38:08] Saving world data: 52%
[2026-09-07 19:38:08] Saving world data: 56%
[2026-09-07 19:38:08] Saving world data: 61%
[2026-09-07 19:38:08] Saving world data: 64%
[2026-09-07 19:38:08] Saving world data: 68%
[2026-09-07 19:38:08] Saving world data: 71%
[2026-09-07 19:38:08] Saving world data: 76%
[2026-09-07 19:38:08] Saving world data: 79%
[2026-09-07 19:38:08] Saving world data: 84%
[2026-09-07 19:38:08] Saving world data: 88%
[2026-09-07 19:38:08] Saving world data: 92%
[2026-09-07 19:38:08] Saving world data: 96%
[2026-09-07 19:38:08] Saving world data: 100%
[2026-09-07 19:38:08] Validating world save: 12%
[2026-09-07 19:38:08] Validating world save: 32%
[2026-09-07 19:38:08] Validating world save: 45%
[2026-09-07 19:38:08] Validating world save: 62%
[2026-09-07 19:38:08] Validating world save: 78%
[2026-09-07 19:38:08] Validating world save: 94%
[2026-09-07 19:38:08] Backing up world file
[2026-09-07 19:38:08] <Sakagi_Ri> [i:2450][i:2450][i:2450][i:2450][i:2450]
[2026-09-07 19:38:08] Saving world data: 5%
[2026-09-07 19:38:08] Saving world data: 9%
[2026-09-07 19:38:08] Saving world data: 14%
[2026-09-07 19:38:08] Saving world data: 18%
[2026-09-07 19:38:08] Saving world data: 22%
[2026-09-07 19:38:08] Saving world data: 27%
[2026-09-07 19:38:08] Saving world data: 31%
[2026-09-07 19:38:08] Saving world data: 35%
[2026-09-07 19:38:08] Saving world data: 39%
[2026-09-07 19:38:08] Saving world data: 43%
[2026-09-07 19:38:08] Saving world data: 47%
[2026-09-07 19:38:08] Saving world data: 51%
[2026-09-07 19:38:08] Saving world data: 55%
[2026-09-07 19:38:08] Saving world data: 59%
[2026-09-07 19:38:08] Saving world data: 63%
[2026-09-07 19:38:08] Saving world data: 67%
[2026-09-07 19:38:08] Saving world data: 71%
[2026-09-07 19:38:08] Saving world data: 75%
[2026-09-07 19:38:08] Saving world data: 79%
[2026-09-07 19:38:08] Saving world data: 83%
[2026-09-07 19:38:08] Saving world data: 87%
[2026-09-07 19:38:08] Saving world data: 90%
[2026-09-07 19:38:08] Saving world data: 94%
[2026-09-07 19:38:08] Saving world data: 97%
[2026-09-07 19:38:08] Saving world data: 100%
[2026-09-07 19:38:08] Validating world save: 17%
[2026-09-07 19:38:08] Validating world save: 37%
[2026-09-07 19:38:08] Validating world save: 51%
[2026-09-07 19:38:08] Validating world save: 66%
[2026-09-07 19:38:08] Validating world save: 81%
[2026-09-07 19:38:08] Validating world save: 97%
[2026-09-07 19:38:08] Backing up world file
[2026-09-07 19:38:08] Saving world data: 5%
[2026-09-07 19:38:08] Saving world data: 9%
[2026-09-07 19:38:08] Saving world data: 14%
[2026-09-07 19:38:08] Saving world data: 18%
[2026-09-07 19:38:08] Saving world data: 22%
[2026-09-07 19:38:08] Saving world data: 27%
[2026-09-07 19:38:08] Saving world data: 31%
[2026-09-07 19:38:08] Saving world data: 35%
[2026-09-07 19:38:08] Saving world data: 39%
[2026-09-07 19:38:08] Saving world data: 43%
[2026-09-07 19:38:08] Saving world data: 47%
[2026-09-07 19:38:08] Saving world data: 51%
[2026-09-07 19:38:08] Saving world data: 55%
[2026-09-07 19:38:08] Saving world data: 60%
[2026-09-07 19:38:08] Saving world data: 63%
[2026-09-07 19:38:08] Saving world data: 67%
[2026-09-07 19:38:08] Saving world data: 71%
[2026-09-07 19:38:08] Saving world data: 75%
[2026-09-07 19:38:08] Saving world data: 79%
[2026-09-07 19:38:08] Saving world data: 83%
[2026-09-07 19:38:08] Saving world data: 87%
[2026-09-07 19:38:08] Saving world data: 91%
[2026-09-07 19:38:08] Saving world data: 96%
[2026-09-07 19:38:08] Saving world data: 99%
[2026-09-07 19:38:08] Saving world data: 100%
[2026-09-07 19:38:08] Validating world save: 8%
[2026-09-07 19:38:08] Validating world save: 27%
[2026-09-07 19:38:08] Validating world save: 43%
[2026-09-07 19:38:08] Validating world save: 60%
[2026-09-07 19:38:08] Validating world save: 75%
[2026-09-07 19:38:08] Validating world save: 91%
[2026-09-07 19:38:08] Backing up world file
[2026-09-07 19:38:08] Saving world data: 4%
[2026-09-07 19:38:08] Saving world data: 8%
[2026-09-07 19:38:08] Saving world data: 11%
[2026-09-07 19:38:08] Saving world data: 15%
[2026-09-07 19:38:08] Saving world data: 18%
[2026-09-07 19:38:08] Saving world data: 22%
[2026-09-07 19:38:08] Saving world data: 25%
[2026-09-07 19:38:08] Saving world data: 29%
[2026-09-07 19:38:08] Saving world data: 32%
[2026-09-07 19:38:08] Saving world data: 35%
[2026-09-07 19:38:08] Saving world data: 39%
[2026-09-07 19:38:08] Saving world data: 41%
[2026-09-07 19:38:08] Saving world data: 44%
[2026-09-07 19:38:08] Saving world data: 48%
[2026-09-07 19:38:08] Saving world data: 51%
[2026-09-07 19:38:08] Saving world data: 54%
[2026-09-07 19:38:08] Saving world data: 58%
[2026-09-07 19:38:08] Saving world data: 61%
[2026-09-07 19:38:08] Saving world data: 64%
[2026-09-07 19:38:08] Saving world data: 67%
[2026-09-07 19:38:08] Saving world data: 70%
[2026-09-07 19:38:08] Saving world data: 73%
[2026-09-07 19:38:08] Saving world data: 77%
[2026-09-07 19:38:08] Saving world data: 80%
[2026-09-07 19:38:08] Saving world data: 83%
[2026-09-07 19:38:08] Saving world data: 86%
[2026-09-07 19:38:08] Saving world data: 89%
[2026-09-07 19:38:08] Saving world data: 93%
[2026-09-07 19:38:08] Saving world data: 96%
[2026-09-07 19:38:08] Saving world data: 99%
[2026-09-07 19:38:08] Saving world data: 100%
[2026-09-07 19:38:08] Validating world save: 14%
[2026-09-07 19:38:08] Validating world save: 32%
[2026-09-07 19:38:08] Validating world save: 45%
[2026-09-07 19:38:08] Validating world save: 61%
[2026-09-07 19:38:08] Validating world save: 75%
[2026-09-07 19:38:08] Validating world save: 90%
[2026-09-07 19:38:08] Backing up world file
[2026-09-07 19:38:08] Sakagi_Ri has left.
[2026-09-07 19:38:08] Saving world data: 5%
[2026-09-07 19:38:08] Saving world data: 9%
[2026-09-07 19:38:08] Saving world data: 13%
[2026-09-07 19:38:08] Saving world data: 18%
[2026-09-07 19:38:08] Saving world data: 22%
[2026-09-07 19:38:08] Saving world data: 26%
[2026-09-07 19:38:08] Saving world data: 30%
[2026-09-07 19:38:08] Saving world data: 34%
[2026-09-07 19:38:08] Saving world data: 38%
[2026-09-07 19:38:08] Saving world data: 42%
[2026-09-07 19:38:08] Saving world data: 46%
[2026-09-07 19:38:08] Saving world data: 50%
[2026-09-07 19:38:08] Saving world data: 54%
[2026-09-07 19:38:08] Saving world data: 58%
[2026-09-07 19:38:08] Saving world data: 61%
[2026-09-07 19:38:08] Saving world data: 65%
[2026-09-07 19:38:08] Saving world data: 69%
[2026-09-07 19:38:08] Saving world data: 72%
[2026-09-07 19:38:08] Saving world data: 76%
[2026-09-07 19:38:08] Saving world data: 80%
[2026-09-07 19:38:08] Saving world data: 84%
[2026-09-07 19:38:08] Saving world data: 87%
[2026-09-07 19:38:08] Saving world data: 91%
[2026-09-07 19:38:08] Saving world data: 95%
[2026-09-07 19:38:08] Saving world data: 98%
[2026-09-07 19:38:08] Saving world data: 100%
[2026-09-07 19:38:08] Validating world save: 4%
[2026-09-07 19:38:08] Validating world save: 23%
[2026-09-07 19:38:08] Validating world save: 41%
[2026-09-07 19:38:08] Validating world save: 57%
[2026-09-07 19:38:08] Validating world save: 72%
[2026-09-07 19:38:08] Validating world save: 87%
[2026-09-07 19:38:08] Backing up world file
[2026-09-07 19:38:08] 127.190.221.119:34533 is connecting...
[2026-09-07 19:38:08] Sakagi_Ri has joined.
[2026-09-07 19:38:08] Sakagi_Ri has left.
[2026-09-07 19:38:08] maybemavis has left.
[2026-09-07 19:38:08] Saving world data: 5%
[2026-09-07 19:38:08] Saving world data: 11%
[2026-09-07 19:38:08] Saving world data: 16%
[2026-09-07 19:38:08] Saving world data: 23%
[2026-09-07 19:38:08] Saving world data: 27%
[2026-09-07 19:38:08] Saving world data: 34%
[2026-09-07 19:38:08] Saving world data: 38%
[2026-09-07 19:38:08] Saving world data: 44%
[2026-09-07 19:38:08] Saving world data: 48%
[2026-09-07 19:38:08] Saving world data: 54%
[2026-09-07 19:38:08] Saving world data: 58%
[2026-09-07 19:38:08] Saving world data: 64%
[2026-09-07 19:38:08] Saving world data: 68%
[2026-09-07 19:38:08] Saving world data: 74%
[2026-09-07 19:38:08] Saving world data: 78%
[2026-09-07 19:38:08] Saving world data: 84%
[2026-09-07 19:38:08] Saving world data: 88%
[2026-09-07 19:38:08] Saving world data: 94%
[2026-09-07 19:38:08] Saving world data: 98%
[2026-09-07 19:38:08] Saving world data: 100%
[2026-09-07 19:38:08] Validating world save: 14%
[2026-09-07 19:38:08] Validating world save: 41%
[2026-09-07 19:38:08] Validating world save: 58%
[2026-09-07 19:38:08] Validating world save: 80%
[2026-09-07 19:38:08] Validating world save: 97%
[2026-09-07 19:38:08] Backing up world file
[2026-09-07 19:40:23] 127.190.221.119:57253 is connecting...
[2026-09-07 19:40:24] Sakagi_Ri has joined.
[2026-09-07 19:40:39] Sakagi_Ri has left.
[2026-09-07 19:40:39] Saving world data: 2%
[2026-09-07 19:40:39] Saving world data: 7%
[2026-09-07 19:40:39] Saving world data: 12%
[2026-09-07 19:40:39] Saving world data: 18%
[2026-09-07 19:40:39] Saving world data: 22%
[2026-09-07 19:40:39] Saving world data: 29%
[2026-09-07 19:40:39] Saving world data: 33%
[2026-09-07 19:40:39] Saving world data: 39%
[2026-09-07 19:40:39] Saving world data: 42%
[2026-09-07 19:40:39] Saving world data: 48%
[2026-09-07 19:40:39] Saving world data: 52%
[2026-09-07 19:40:39] Saving world data: 58%
[2026-09-07 19:40:39] Saving world data: 62%
[2026-09-07 19:40:39] Saving world data: 68%
[2026-09-07 19:40:39] Saving world data: 72%
[2026-09-07 19:40:39] Saving world data: 78%
[2026-09-07 19:40:39] Saving world data: 82%
[2026-09-07 19:40:39] Saving world data: 88%
[2026-09-07 19:40:39] Saving world data: 92%
[2026-09-07 19:40:39] Saving world data: 97%
[2026-09-07 19:40:39] Saving world data: 100%
[2026-09-07 19:40:39] Validating world save: 9%
[2026-09-07 19:40:39] Validating world save: 29%
[2026-09-07 19:40:39] Validating world save: 51%
[2026-09-07 19:40:39] Validating world save: 67%
[2026-09-07 19:40:39] Validating world save: 88%
[2026-09-07 19:40:39] Backing up world file
[2026-09-07 22:11:25] 127.232.132.6:56525 is connecting...
[2026-09-07 22:11:26] Brown has joined.
[2026-09-07 22:14:02] Saving world data: 4%
[2026-09-07 22:14:02] Saving world data: 7%
[2026-09-07 22:14:02] Saving world data: 9%
[2026-09-07 22:14:02] Saving world data: 12%
[2026-09-07 22:14:02] Saving world data: 16%
[2026-09-07 22:14:02] Saving world data: 21%
[2026-09-07 22:14:02] Saving world data: 25%
[2026-09-07 22:14:02] Saving world data: 29%
[2026-09-07 22:14:02] Saving world data: 34%
[2026-09-07 22:14:02] Saving world data: 38%
[2026-09-07 22:14:02] Saving world data: 41%
[2026-09-07 22:14:02] Saving world data: 45%
[2026-09-07 22:14:02] Saving world data: 49%
[2026-09-07 22:14:02] Saving world data: 53%
[2026-09-07 22:14:02] Saving world data: 57%
[2026-09-07 22:14:02] Saving world data: 61%
[2026-09-07 22:14:02] Saving world data: 65%
[2026-09-07 22:14:02] Saving world data: 69%
[2026-09-07 22:14:02] Saving world data: 73%
[2026-09-07 22:14:02] Saving world data: 77%
[2026-09-07 22:14:02] Saving world data: 80%
[2026-09-07 22:14:02] Saving world data: 84%
[2026-09-07 22:14:02] Saving world data: 88%
[2026-09-07 22:14:02] Saving world data: 92%
[2026-09-07 22:14:02] Saving world data: 96%
[2026-09-07 22:14:02] Saving world data: 100%
[2026-09-07 22:14:02] Validating world save: 13%
[2026-09-07 22:14:02] Validating world save: 32%
[2026-09-07 22:14:02] Validating world save: 45%
[2026-09-07 22:14:02] Validating world save: 62%
[2026-09-07 22:14:02] Validating world save: 77%
[2026-09-07 22:14:02] Validating world save: 90%
[2026-09-07 22:14:02] Backing up world file
[2026-09-07 22:24:02] Saving world data: 5%
[2026-09-07 22:24:02] Saving world data: 9%
[2026-09-07 22:24:02] Saving world data: 13%
[2026-09-07 22:24:02] Saving world data: 17%
[2026-09-07 22:24:02] Saving world data: 21%
[2026-09-07 22:24:02] Saving world data: 25%
[2026-09-07 22:24:02] Saving world data: 29%
[2026-09-07 22:24:02] Saving world data: 33%
[2026-09-07 22:24:02] Saving world data: 37%
[2026-09-07 22:24:02] Saving world data: 41%
[2026-09-07 22:24:02] Saving world data: 45%
[2026-09-07 22:24:02] Saving world data: 49%
[2026-09-07 22:24:02] Saving world data: 52%
[2026-09-07 22:24:02] Saving world data: 56%
[2026-09-07 22:24:02] Saving world data: 60%
[2026-09-07 22:24:02] Saving world data: 64%
[2026-09-07 22:24:02] Saving world data: 68%
[2026-09-07 22:24:02] Saving world data: 71%
[2026-09-07 22:24:02] Saving world data: 75%
[2026-09-07 22:24:02] Saving world data: 79%
[2026-09-07 22:24:02] Saving world data: 83%
[2026-09-07 22:24:02] Saving world data: 87%
[2026-09-07 22:24:02] Saving world data: 91%
[2026-09-07 22:24:02] Saving world data: 94%
[2026-09-07 22:24:02] Saving world data: 98%
[2026-09-07 22:24:02] Saving world data: 100%
[2026-09-07 22:24:02] Validating world save: 2%
[2026-09-07 22:24:02] Validating world save: 21%
[2026-09-07 22:24:02] Validating world save: 39%
[2026-09-07 22:24:02] Validating world save: 52%
[2026-09-07 22:24:02] Validating world save: 67%
[2026-09-07 22:24:02] Validating world save: 79%
[2026-09-07 22:24:02] Validating world save: 92%
[2026-09-07 22:24:02] Backing up world file
[2026-09-07 22:24:11] 127.190.221.119:48587 is connecting...
[2026-09-07 22:24:12] Sakagi_Ri has joined.
[2026-09-07 22:34:02] Saving world data: 2%
[2026-09-07 22:34:02] Saving world data: 5%
[2026-09-07 22:34:02] Saving world data: 9%
[2026-09-07 22:34:02] Saving world data: 13%
[2026-09-07 22:34:02] Saving world data: 17%
[2026-09-07 22:34:02] Saving world data: 20%
[2026-09-07 22:34:02] Saving world data: 25%
[2026-09-07 22:34:02] Saving world data: 29%
[2026-09-07 22:34:02] Saving world data: 33%
[2026-09-07 22:34:02] Saving world data: 37%
[2026-09-07 22:34:02] Saving world data: 41%
[2026-09-07 22:34:02] Saving world data: 45%
[2026-09-07 22:34:02] Saving world data: 49%
[2026-09-07 22:34:02] Saving world data: 53%
[2026-09-07 22:34:02] Saving world data: 57%
[2026-09-07 22:34:02] Saving world data: 61%
[2026-09-07 22:34:02] Saving world data: 65%
[2026-09-07 22:34:02] Saving world data: 69%
[2026-09-07 22:34:02] Saving world data: 73%
[2026-09-07 22:34:02] Saving world data: 77%
[2026-09-07 22:34:02] Saving world data: 80%
[2026-09-07 22:34:02] Saving world data: 84%
[2026-09-07 22:34:02] Saving world data: 88%
[2026-09-07 22:34:02] Saving world data: 92%
[2026-09-07 22:34:02] Saving world data: 96%
[2026-09-07 22:34:02] Saving world data: 100%
[2026-09-07 22:34:02] Validating world save: 13%
[2026-09-07 22:34:02] Validating world save: 33%
[2026-09-07 22:34:02] Validating world save: 46%
[2026-09-07 22:34:02] Validating world save: 62%
[2026-09-07 22:34:02] Validating world save: 78%
[2026-09-07 22:34:02] Validating world save: 94%
[2026-09-07 22:34:02] Backing up world file
[2026-09-07 22:44:02] Saving world data: 5%
[2026-09-07 22:44:02] Saving world data: 9%
[2026-09-07 22:44:02] Saving world data: 13%
[2026-09-07 22:44:02] Saving world data: 17%
[2026-09-07 22:44:02] Saving world data: 21%
[2026-09-07 22:44:02] Saving world data: 25%
[2026-09-07 22:44:02] Saving world data: 29%
[2026-09-07 22:44:02] Saving world data: 33%
[2026-09-07 22:44:02] Saving world data: 37%
[2026-09-07 22:44:02] Saving world data: 41%
[2026-09-07 22:44:02] Saving world data: 44%
[2026-09-07 22:44:02] Saving world data: 48%
[2026-09-07 22:44:02] Saving world data: 52%
[2026-09-07 22:44:02] Saving world data: 56%
[2026-09-07 22:44:02] Saving world data: 60%
[2026-09-07 22:44:02] Saving world data: 63%
[2026-09-07 22:44:02] Saving world data: 67%
[2026-09-07 22:44:02] Saving world data: 69%
[2026-09-07 22:44:02] Saving world data: 73%
[2026-09-07 22:44:02] Saving world data: 77%
[2026-09-07 22:44:02] Saving world data: 81%
[2026-09-07 22:44:02] Saving world data: 84%
[2026-09-07 22:44:02] Saving world data: 88%
[2026-09-07 22:44:02] Saving world data: 92%
[2026-09-07 22:44:02] Saving world data: 95%
[2026-09-07 22:44:02] Saving world data: 99%
[2026-09-07 22:44:02] Saving world data: 100%
[2026-09-07 22:44:02] Validating world save: 8%
[2026-09-07 22:44:02] Validating world save: 26%
[2026-09-07 22:44:02] Validating world save: 41%
[2026-09-07 22:44:02] Validating world save: 56%
[2026-09-07 22:44:02] Validating world save: 71%
[2026-09-07 22:44:02] Validating world save: 85%
[2026-09-07 22:44:02] Validating world save: 97%
[2026-09-07 22:44:02] Backing up world file
[2026-09-07 22:44:11] <Sakagi_Ri> hah?
[2026-09-07 22:54:02] Saving world data: 5%
[2026-09-07 22:54:02] Saving world data: 9%
[2026-09-07 22:54:02] Saving world data: 13%
[2026-09-07 22:54:02] Saving world data: 17%
[2026-09-07 22:54:02] Saving world data: 21%
[2026-09-07 22:54:02] Saving world data: 25%
[2026-09-07 22:54:02] Saving world data: 29%
[2026-09-07 22:54:02] Saving world data: 33%
[2026-09-07 22:54:02] Saving world data: 37%
[2026-09-07 22:54:02] Saving world data: 40%
[2026-09-07 22:54:02] Saving world data: 44%
[2026-09-07 22:54:02] Saving world data: 47%
[2026-09-07 22:54:02] Saving world data: 51%
[2026-09-07 22:54:02] Saving world data: 55%
[2026-09-07 22:54:02] Saving world data: 59%
[2026-09-07 22:54:02] Saving world data: 62%
[2026-09-07 22:54:02] Saving world data: 65%
[2026-09-07 22:54:02] Saving world data: 69%
[2026-09-07 22:54:02] Saving world data: 73%
[2026-09-07 22:54:02] Saving world data: 76%
[2026-09-07 22:54:02] Saving world data: 80%
[2026-09-07 22:54:02] Saving world data: 83%
[2026-09-07 22:54:02] Saving world data: 87%
[2026-09-07 22:54:02] Saving world data: 91%
[2026-09-07 22:54:02] Saving world data: 95%
[2026-09-07 22:54:02] Saving world data: 98%
[2026-09-07 22:54:02] Saving world data: 100%
[2026-09-07 22:54:02] Validating world save: 5%
[2026-09-07 22:54:02] Validating world save: 24%
[2026-09-07 22:54:02] Validating world save: 40%
[2026-09-07 22:54:02] Validating world save: 56%
[2026-09-07 22:54:02] Validating world save: 71%
[2026-09-07 22:54:02] Validating world save: 86%
[2026-09-07 22:54:02] Backing up world file
[2026-09-07 22:55:50] <Brown>   
[2026-09-07 22:56:24] <Brown> welcome to hard  mode
[2026-09-07 22:56:31] <Brown> dis come
[2026-09-07 23:04:02] Saving world data: 5%
[2026-09-07 23:04:02] Saving world data: 9%
[2026-09-07 23:04:02] Saving world data: 14%
[2026-09-07 23:04:02] Saving world data: 18%
[2026-09-07 23:04:02] Saving world data: 23%
[2026-09-07 23:04:02] Saving world data: 28%
[2026-09-07 23:04:02] Saving world data: 32%
[2026-09-07 23:04:02] Saving world data: 36%
[2026-09-07 23:04:02] Saving world data: 40%
[2026-09-07 23:04:02] Saving world data: 44%
[2026-09-07 23:04:02] Saving world data: 48%
[2026-09-07 23:04:02] Saving world data: 53%
[2026-09-07 23:04:02] Saving world data: 56%
[2026-09-07 23:04:02] Saving world data: 60%
[2026-09-07 23:04:02] Saving world data: 64%
[2026-09-07 23:04:02] Saving world data: 67%
[2026-09-07 23:04:02] Saving world data: 72%
[2026-09-07 23:04:02] Saving world data: 74%
[2026-09-07 23:04:02] Saving world data: 78%
[2026-09-07 23:04:02] Saving world data: 82%
[2026-09-07 23:04:02] Saving world data: 86%
[2026-09-07 23:04:02] Saving world data: 91%
[2026-09-07 23:04:02] Saving world data: 95%
[2026-09-07 23:04:02] Saving world data: 98%
[2026-09-07 23:04:02] Saving world data: 100%
[2026-09-07 23:04:02] Validating world save: 6%
[2026-09-07 23:04:02] Validating world save: 25%
[2026-09-07 23:04:02] Validating world save: 41%
[2026-09-07 23:04:02] Validating world save: 56%
[2026-09-07 23:04:02] Validating world save: 71%
[2026-09-07 23:04:02] Validating world save: 87%
[2026-09-07 23:04:02] Backing up world file
[2026-09-07 23:07:11] <Brown> my summon amulet gone ???????
[2026-09-07 23:07:18] <Sakagi_Ri> hah?
[2026-09-07 23:07:27] <Brown> come dis
[2026-09-07 23:14:02] Saving world data: 5%
[2026-09-07 23:14:02] Saving world data: 10%
[2026-09-07 23:14:02] Saving world data: 14%
[2026-09-07 23:14:02] Saving world data: 19%
[2026-09-07 23:14:02] Saving world data: 23%
[2026-09-07 23:14:02] Saving world data: 28%
[2026-09-07 23:14:02] Saving world data: 32%
[2026-09-07 23:14:02] Saving world data: 37%
[2026-09-07 23:14:02] Saving world data: 40%
[2026-09-07 23:14:02] Saving world data: 44%
[2026-09-07 23:14:02] Saving world data: 48%
[2026-09-07 23:14:02] Saving world data: 52%
[2026-09-07 23:14:02] Saving world data: 57%
[2026-09-07 23:14:02] Saving world data: 61%
[2026-09-07 23:14:02] Saving world data: 64%
[2026-09-07 23:14:02] Saving world data: 68%
[2026-09-07 23:14:02] Saving world data: 73%
[2026-09-07 23:14:02] Saving world data: 76%
[2026-09-07 23:14:02] Saving world data: 80%
[2026-09-07 23:14:02] Saving world data: 84%
[2026-09-07 23:14:02] Saving world data: 88%
[2026-09-07 23:14:02] Saving world data: 92%
[2026-09-07 23:14:02] Saving world data: 95%
[2026-09-07 23:14:02] Saving world data: 99%
[2026-09-07 23:14:02] Saving world data: 100%
[2026-09-07 23:14:02] Validating world save: 4%
[2026-09-07 23:14:02] Validating world save: 13%
[2026-09-07 23:14:02] Validating world save: 25%
[2026-09-07 23:14:02] Validating world save: 42%
[2026-09-07 23:14:02] Validating world save: 58%
[2026-09-07 23:14:02] Validating world save: 73%
[2026-09-07 23:14:03] Validating world save: 87%
[2026-09-07 23:14:03] Backing up world file
[2026-09-07 23:24:02] Saving world data: 5%
[2026-09-07 23:24:02] Saving world data: 9%
[2026-09-07 23:24:02] Saving world data: 13%
[2026-09-07 23:24:02] Saving world data: 18%
[2026-09-07 23:24:02] Saving world data: 22%
[2026-09-07 23:24:02] Saving world data: 26%
[2026-09-07 23:24:02] Saving world data: 31%
[2026-09-07 23:24:02] Saving world data: 35%
[2026-09-07 23:24:02] Saving world data: 38%
[2026-09-07 23:24:02] Saving world data: 42%
[2026-09-07 23:24:02] Saving world data: 46%
[2026-09-07 23:24:02] Saving world data: 50%
[2026-09-07 23:24:02] Saving world data: 53%
[2026-09-07 23:24:02] Saving world data: 56%
[2026-09-07 23:24:02] Saving world data: 59%
[2026-09-07 23:24:02] Saving world data: 62%
[2026-09-07 23:24:02] Saving world data: 64%
[2026-09-07 23:24:02] Saving world data: 67%
[2026-09-07 23:24:02] Saving world data: 71%
[2026-09-07 23:24:02] Saving world data: 74%
[2026-09-07 23:24:02] Saving world data: 77%
[2026-09-07 23:24:02] Saving world data: 80%
[2026-09-07 23:24:02] Saving world data: 82%
[2026-09-07 23:24:02] Saving world data: 85%
[2026-09-07 23:24:02] Saving world data: 89%
[2026-09-07 23:24:02] Saving world data: 92%
[2026-09-07 23:24:02] Saving world data: 95%
[2026-09-07 23:24:02] Saving world data: 97%
[2026-09-07 23:24:02] Saving world data: 100%
[2026-09-07 23:24:02] Validating world save: 7%
[2026-09-07 23:24:02] Validating world save: 22%
[2026-09-07 23:24:02] Validating world save: 36%
[2026-09-07 23:24:03] Validating world save: 45%
[2026-09-07 23:24:03] Validating world save: 59%
[2026-09-07 23:24:03] Validating world save: 70%
[2026-09-07 23:24:03] Validating world save: 83%
[2026-09-07 23:24:03] Validating world save: 100%
[2026-09-07 23:24:03] Backing up world file
[2026-09-07 23:34:02] Saving world data: 4%
[2026-09-07 23:34:02] Saving world data: 8%
[2026-09-07 23:34:02] Saving world data: 11%
[2026-09-07 23:34:02] Saving world data: 14%
[2026-09-07 23:34:02] Saving world data: 17%
[2026-09-07 23:34:02] Saving world data: 21%
[2026-09-07 23:34:02] Saving world data: 24%
[2026-09-07 23:34:02] Saving world data: 27%
[2026-09-07 23:34:02] Saving world data: 31%
[2026-09-07 23:34:02] Saving world data: 34%
[2026-09-07 23:34:02] Saving world data: 37%
[2026-09-07 23:34:02] Saving world data: 40%
[2026-09-07 23:34:02] Saving world data: 43%
[2026-09-07 23:34:02] Saving world data: 46%
[2026-09-07 23:34:02] Saving world data: 49%
[2026-09-07 23:34:02] Saving world data: 52%
[2026-09-07 23:34:02] Saving world data: 55%
[2026-09-07 23:34:02] Saving world data: 58%
[2026-09-07 23:34:02] Saving world data: 61%
[2026-09-07 23:34:02] Saving world data: 64%
[2026-09-07 23:34:02] Saving world data: 67%
[2026-09-07 23:34:02] Saving world data: 70%
[2026-09-07 23:34:02] Saving world data: 73%
[2026-09-07 23:34:02] Saving world data: 77%
[2026-09-07 23:34:02] Saving world data: 80%
[2026-09-07 23:34:02] Saving world data: 82%
[2026-09-07 23:34:02] Saving world data: 86%
[2026-09-07 23:34:02] Saving world data: 89%
[2026-09-07 23:34:02] Saving world data: 92%
[2026-09-07 23:34:02] Saving world data: 95%
[2026-09-07 23:34:02] Saving world data: 98%
[2026-09-07 23:34:02] Saving world data: 100%
[2026-09-07 23:34:03] Validating world save: 11%
[2026-09-07 23:34:03] Validating world save: 26%
[2026-09-07 23:34:03] Validating world save: 40%
[2026-09-07 23:34:03] Validating world save: 52%
[2026-09-07 23:34:03] Validating world save: 64%
[2026-09-07 23:34:03] Validating world save: 77%
[2026-09-07 23:34:03] Validating world save: 87%
[2026-09-07 23:34:03] Backing up world file
[2026-09-07 23:35:43] Brown has left.
[2026-09-07 23:36:16] 127.232.132.6:36817 is connecting...
[2026-09-07 23:36:21] Brown has joined.
[2026-09-07 23:44:02] Saving world data: 5%
[2026-09-07 23:44:02] Saving world data: 9%
[2026-09-07 23:44:02] Saving world data: 14%
[2026-09-07 23:44:02] Saving world data: 18%
[2026-09-07 23:44:02] Saving world data: 23%
[2026-09-07 23:44:02] Saving world data: 27%
[2026-09-07 23:44:02] Saving world data: 32%
[2026-09-07 23:44:02] Saving world data: 36%
[2026-09-07 23:44:02] Saving world data: 40%
[2026-09-07 23:44:02] Saving world data: 44%
[2026-09-07 23:44:02] Saving world data: 48%
[2026-09-07 23:44:02] Saving world data: 52%
[2026-09-07 23:44:02] Saving world data: 56%
[2026-09-07 23:44:02] Saving world data: 60%
[2026-09-07 23:44:02] Saving world data: 64%
[2026-09-07 23:44:02] Saving world data: 68%
[2026-09-07 23:44:02] Saving world data: 72%
[2026-09-07 23:44:02] Saving world data: 76%
[2026-09-07 23:44:02] Saving world data: 80%
[2026-09-07 23:44:02] Saving world data: 84%
[2026-09-07 23:44:02] Saving world data: 87%
[2026-09-07 23:44:02] Saving world data: 91%
[2026-09-07 23:44:02] Saving world data: 95%
[2026-09-07 23:44:02] Saving world data: 98%
[2026-09-07 23:44:02] Saving world data: 100%
[2026-09-07 23:44:02] Validating world save: 5%
[2026-09-07 23:44:02] Validating world save: 25%
[2026-09-07 23:44:02] Validating world save: 41%
[2026-09-07 23:44:02] Validating world save: 57%
[2026-09-07 23:44:02] Validating world save: 73%
[2026-09-07 23:44:02] Validating world save: 89%
[2026-09-07 23:44:02] Backing up world file
[2026-09-07 23:50:55] <Sakagi_Ri> long rang attavk
[2026-09-07 23:51:07] <Sakagi_Ri> mage or something
[2026-09-07 23:51:12] <Sakagi_Ri> its ok
[2026-09-07 23:51:17] <Sakagi_Ri> 555555
[2026-09-07 23:51:43] <Sakagi_Ri> your luck but it mind right?
[2026-09-07 23:51:53] <Sakagi_Ri> give it to me
[2026-09-07 23:52:07] <Sakagi_Ri> I gave to go soon
[2026-09-07 23:52:24] <Sakagi_Ri> nice
[2026-09-07 23:52:49] <Sakagi_Ri> is it lock target?
[2026-09-07 23:53:58] <Sakagi_Ri> and my armer?
[2026-09-07 23:54:02] Saving world data: 4%
[2026-09-07 23:54:02] Saving world data: 8%
[2026-09-07 23:54:02] Saving world data: 11%
[2026-09-07 23:54:02] Saving world data: 15%
[2026-09-07 23:54:02] Saving world data: 18%
[2026-09-07 23:54:02] Saving world data: 22%
[2026-09-07 23:54:02] Saving world data: 25%
[2026-09-07 23:54:02] Saving world data: 29%
[2026-09-07 23:54:02] Saving world data: 32%
[2026-09-07 23:54:02] Saving world data: 36%
[2026-09-07 23:54:02] Saving world data: 39%
[2026-09-07 23:54:02] Saving world data: 42%
[2026-09-07 23:54:02] Saving world data: 45%
[2026-09-07 23:54:02] Saving world data: 48%
[2026-09-07 23:54:02] Saving world data: 52%
[2026-09-07 23:54:02] Saving world data: 56%
[2026-09-07 23:54:02] Saving world data: 60%
[2026-09-07 23:54:02] Saving world data: 64%
[2026-09-07 23:54:02] Saving world data: 68%
[2026-09-07 23:54:02] Saving world data: 72%
[2026-09-07 23:54:02] Saving world data: 76%
[2026-09-07 23:54:02] Saving world data: 80%
[2026-09-07 23:54:02] Saving world data: 84%
[2026-09-07 23:54:02] Saving world data: 88%
[2026-09-07 23:54:02] Saving world data: 92%
[2026-09-07 23:54:02] Saving world data: 96%
[2026-09-07 23:54:02] Saving world data: 100%
[2026-09-07 23:54:02] Validating world save: 11%
[2026-09-07 23:54:02] Validating world save: 28%
[2026-09-07 23:54:02] Validating world save: 42%
[2026-09-07 23:54:02] Validating world save: 57%
[2026-09-07 23:54:02] Validating world save: 72%
[2026-09-07 23:54:03] Validating world save: 84%
[2026-09-07 23:54:03] Backing up world file
[2026-09-07 23:54:05] <Sakagi_Ri> I dont know how to spell that
[2026-09-07 23:54:32] <Sakagi_Ri> ok I have to go
[2026-09-07 23:54:34] <Sakagi_Ri> see you
[2026-09-07 23:54:47] <Sakagi_Ri> nope
[2026-09-07 23:55:12] Sakagi_Ri has left.
[2026-09-08 00:04:02] Saving world data: 5%
[2026-09-08 00:04:02] Saving world data: 9%
[2026-09-08 00:04:02] Saving world data: 14%
[2026-09-08 00:04:02] Saving world data: 18%
[2026-09-08 00:04:02] Saving world data: 22%
[2026-09-08 00:04:02] Saving world data: 27%
[2026-09-08 00:04:02] Saving world data: 31%
[2026-09-08 00:04:02] Saving world data: 35%
[2026-09-08 00:04:02] Saving world data: 37%
[2026-09-08 00:04:02] Saving world data: 40%
[2026-09-08 00:04:02] Saving world data: 43%
[2026-09-08 00:04:02] Saving world data: 46%
[2026-09-08 00:04:02] Saving world data: 49%
[2026-09-08 00:04:02] Saving world data: 52%
[2026-09-08 00:04:02] Saving world data: 56%
[2026-09-08 00:04:02] Saving world data: 59%
[2026-09-08 00:04:02] Saving world data: 61%
[2026-09-08 00:04:02] Saving world data: 64%
[2026-09-08 00:04:02] Saving world data: 67%
[2026-09-08 00:04:02] Saving world data: 70%
[2026-09-08 00:04:02] Saving world data: 74%
[2026-09-08 00:04:02] Saving world data: 77%
[2026-09-08 00:04:02] Saving world data: 80%
[2026-09-08 00:04:02] Saving world data: 82%
[2026-09-08 00:04:02] Saving world data: 85%
[2026-09-08 00:04:02] Saving world data: 89%
[2026-09-08 00:04:02] Saving world data: 92%
[2026-09-08 00:04:02] Saving world data: 95%
[2026-09-08 00:04:02] Saving world data: 97%
[2026-09-08 00:04:02] Saving world data: 100%
[2026-09-08 00:04:02] Validating world save: 9%
[2026-09-08 00:04:02] Validating world save: 25%
[2026-09-08 00:04:03] Validating world save: 39%
[2026-09-08 00:04:03] Validating world save: 50%
[2026-09-08 00:04:03] Validating world save: 63%
[2026-09-08 00:04:03] Validating world save: 76%
[2026-09-08 00:04:03] Validating world save: 88%
[2026-09-08 00:04:03] Backing up world file
[2026-09-08 00:14:02] Saving world data: 5%
[2026-09-08 00:14:02] Saving world data: 8%
[2026-09-08 00:14:02] Saving world data: 13%
[2026-09-08 00:14:02] Saving world data: 17%
[2026-09-08 00:14:02] Saving world data: 21%
[2026-09-08 00:14:02] Saving world data: 25%
[2026-09-08 00:14:02] Saving world data: 30%
[2026-09-08 00:14:02] Saving world data: 34%
[2026-09-08 00:14:02] Saving world data: 37%
[2026-09-08 00:14:02] Saving world data: 41%
[2026-09-08 00:14:02] Saving world data: 45%
[2026-09-08 00:14:02] Saving world data: 49%
[2026-09-08 00:14:02] Saving world data: 53%
[2026-09-08 00:14:02] Saving world data: 56%
[2026-09-08 00:14:02] Saving world data: 60%
[2026-09-08 00:14:02] Saving world data: 63%
[2026-09-08 00:14:02] Saving world data: 67%
[2026-09-08 00:14:02] Saving world data: 70%
[2026-09-08 00:14:02] Saving world data: 74%
[2026-09-08 00:14:02] Saving world data: 77%
[2026-09-08 00:14:02] Saving world data: 81%
[2026-09-08 00:14:02] Saving world data: 85%
[2026-09-08 00:14:02] Saving world data: 89%
[2026-09-08 00:14:02] Saving world data: 93%
[2026-09-08 00:14:02] Saving world data: 96%
[2026-09-08 00:14:02] Saving world data: 100%
[2026-09-08 00:14:02] Validating world save: 11%
[2026-09-08 00:14:02] Validating world save: 29%
[2026-09-08 00:14:02] Validating world save: 43%
[2026-09-08 00:14:02] Validating world save: 58%
[2026-09-08 00:14:02] Validating world save: 70%
[2026-09-08 00:14:02] Validating world save: 82%
[2026-09-08 00:14:03] Validating world save: 92%
[2026-09-08 00:14:03] Backing up world file
[2026-09-08 00:22:10] 127.232.132.6:47827 is connecting...
[2026-09-08 00:22:10] 127.232.132.6:47827 was booted: Brown is already on this server.
[2026-09-08 00:23:06] 127.232.132.6:36293 is connecting...
[2026-09-08 00:23:06] 127.232.132.6:36293 was booted: Brown is already on this server.
[2026-09-08 00:23:31] 127.232.132.6:33907 is connecting...
[2026-09-08 00:23:31] Brown has left.
[2026-09-08 00:23:31] Saving world data: 5%
[2026-09-08 00:23:31] Saving world data: 11%
[2026-09-08 00:23:31] Saving world data: 16%
[2026-09-08 00:23:31] Saving world data: 22%
[2026-09-08 00:23:31] Saving world data: 27%
[2026-09-08 00:23:31] Saving world data: 33%
[2026-09-08 00:23:31] Saving world data: 37%
[2026-09-08 00:23:31] Saving world data: 42%
[2026-09-08 00:23:32] Saving world data: 46%
[2026-09-08 00:23:32] Saving world data: 52%
[2026-09-08 00:23:32] Saving world data: 55%
[2026-09-08 00:23:32] Saving world data: 61%
[2026-09-08 00:23:32] Saving world data: 65%
[2026-09-08 00:23:32] Saving world data: 71%
[2026-09-08 00:23:32] Saving world data: 76%
[2026-09-08 00:23:32] Saving world data: 81%
[2026-09-08 00:23:32] Saving world data: 85%
[2026-09-08 00:23:32] Saving world data: 92%
[2026-09-08 00:23:32] Saving world data: 95%
[2026-09-08 00:23:32] Saving world data: 100%
[2026-09-08 00:23:32] Validating world save: 27%
[2026-09-08 00:23:32] Validating world save: 42%
[2026-09-08 00:23:32] Validating world save: 66%
[2026-09-08 00:23:32] Validating world save: 82%
[2026-09-08 00:23:32] Backing up world file
[2026-09-08 00:23:33] Brown has joined.
[2026-09-08 00:24:03] Saving world data: 5%
[2026-09-08 00:24:03] Saving world data: 9%
[2026-09-08 00:24:03] Saving world data: 13%
[2026-09-08 00:24:03] Saving world data: 17%
[2026-09-08 00:24:03] Saving world data: 22%
[2026-09-08 00:24:03] Saving world data: 26%
[2026-09-08 00:24:03] Saving world data: 30%
[2026-09-08 00:24:03] Saving world data: 34%
[2026-09-08 00:24:03] Saving world data: 38%
[2026-09-08 00:24:03] Saving world data: 41%
[2026-09-08 00:24:03] Saving world data: 45%
[2026-09-08 00:24:03] Saving world data: 49%
[2026-09-08 00:24:03] Saving world data: 53%
[2026-09-08 00:24:03] Saving world data: 57%
[2026-09-08 00:24:03] Saving world data: 61%
[2026-09-08 00:24:03] Saving world data: 64%
[2026-09-08 00:24:03] Saving world data: 68%
[2026-09-08 00:24:04] Saving world data: 72%
[2026-09-08 00:24:04] Saving world data: 76%
[2026-09-08 00:24:04] Saving world data: 80%
[2026-09-08 00:24:04] Saving world data: 84%
[2026-09-08 00:24:04] Saving world data: 88%
[2026-09-08 00:24:04] Saving world data: 92%
[2026-09-08 00:24:04] Saving world data: 96%
[2026-09-08 00:24:04] Saving world data: 100%
[2026-09-08 00:24:04] Validating world save: 14%
[2026-09-08 00:24:04] Validating world save: 29%
[2026-09-08 00:24:04] Validating world save: 42%
[2026-09-08 00:24:04] Validating world save: 56%
[2026-09-08 00:24:04] Validating world save: 68%
[2026-09-08 00:24:04] Validating world save: 81%
[2026-09-08 00:24:04] Validating world save: 96%
[2026-09-08 00:24:04] Backing up world file
[2026-09-08 00:28:33] 127.190.221.119:44623 is connecting...
[2026-09-08 00:28:34] Sakagi_Ri has joined.
[2026-09-08 00:34:03] Saving world data: 4%
[2026-09-08 00:34:03] Saving world data: 7%
[2026-09-08 00:34:03] Saving world data: 11%
[2026-09-08 00:34:03] Saving world data: 14%
[2026-09-08 00:34:03] Saving world data: 17%
[2026-09-08 00:34:03] Saving world data: 21%
[2026-09-08 00:34:03] Saving world data: 24%
[2026-09-08 00:34:03] Saving world data: 27%
[2026-09-08 00:34:03] Saving world data: 30%
[2026-09-08 00:34:03] Saving world data: 33%
[2026-09-08 00:34:03] Saving world data: 37%
[2026-09-08 00:34:03] Saving world data: 39%
[2026-09-08 00:34:03] Saving world data: 42%
[2026-09-08 00:34:03] Saving world data: 45%
[2026-09-08 00:34:03] Saving world data: 48%
[2026-09-08 00:34:03] Saving world data: 51%
[2026-09-08 00:34:03] Saving world data: 55%
[2026-09-08 00:34:04] Saving world data: 58%
[2026-09-08 00:34:04] Saving world data: 61%
[2026-09-08 00:34:04] Saving world data: 63%
[2026-09-08 00:34:04] Saving world data: 66%
[2026-09-08 00:34:04] Saving world data: 69%
[2026-09-08 00:34:04] Saving world data: 73%
[2026-09-08 00:34:04] Saving world data: 76%
[2026-09-08 00:34:04] Saving world data: 79%
[2026-09-08 00:34:04] Saving world data: 81%
[2026-09-08 00:34:04] Saving world data: 84%
[2026-09-08 00:34:04] Saving world data: 88%
[2026-09-08 00:34:04] Saving world data: 91%
[2026-09-08 00:34:04] Saving world data: 94%
[2026-09-08 00:34:04] Saving world data: 98%
[2026-09-08 00:34:04] Saving world data: 100%
[2026-09-08 00:34:04] Validating world save: 1%
[2026-09-08 00:34:04] Validating world save: 17%
[2026-09-08 00:34:04] Validating world save: 35%
[2026-09-08 00:34:04] Validating world save: 44%
[2026-09-08 00:34:04] Validating world save: 61%
[2026-09-08 00:34:04] Validating world save: 76%
[2026-09-08 00:34:04] Validating world save: 91%
[2026-09-08 00:34:04] Backing up world file
[2026-09-08 00:44:03] Saving world data: 4%
[2026-09-08 00:44:03] Saving world data: 8%
[2026-09-08 00:44:03] Saving world data: 11%
[2026-09-08 00:44:03] Saving world data: 15%
[2026-09-08 00:44:03] Saving world data: 18%
[2026-09-08 00:44:03] Saving world data: 22%
[2026-09-08 00:44:03] Saving world data: 25%
[2026-09-08 00:44:03] Saving world data: 28%
[2026-09-08 00:44:03] Saving world data: 32%
[2026-09-08 00:44:03] Saving world data: 35%
[2026-09-08 00:44:03] Saving world data: 38%
[2026-09-08 00:44:03] Saving world data: 41%
[2026-09-08 00:44:03] Saving world data: 44%
[2026-09-08 00:44:03] Saving world data: 48%
[2026-09-08 00:44:03] Saving world data: 51%
[2026-09-08 00:44:03] Saving world data: 54%
[2026-09-08 00:44:03] Saving world data: 58%
[2026-09-08 00:44:04] Saving world data: 61%
[2026-09-08 00:44:04] Saving world data: 64%
[2026-09-08 00:44:04] Saving world data: 67%
[2026-09-08 00:44:04] Saving world data: 70%
[2026-09-08 00:44:04] Saving world data: 74%
[2026-09-08 00:44:04] Saving world data: 77%
[2026-09-08 00:44:04] Saving world data: 80%
[2026-09-08 00:44:04] Saving world data: 83%
[2026-09-08 00:44:04] Saving world data: 87%
[2026-09-08 00:44:04] Saving world data: 90%
[2026-09-08 00:44:04] Saving world data: 93%
[2026-09-08 00:44:04] Saving world data: 96%
[2026-09-08 00:44:04] Saving world data: 99%
[2026-09-08 00:44:04] Saving world data: 100%
[2026-09-08 00:44:04] Validating world save: 4%
[2026-09-08 00:44:04] Validating world save: 21%
[2026-09-08 00:44:04] Validating world save: 37%
[2026-09-08 00:44:04] Validating world save: 48%
[2026-09-08 00:44:04] Validating world save: 62%
[2026-09-08 00:44:04] Validating world save: 74%
[2026-09-08 00:44:04] Validating world save: 87%
[2026-09-08 00:44:04] Backing up world file
[2026-09-08 00:45:42] 127.190.221.119:53917 is connecting...
[2026-09-08 00:45:43] maybemavis has joined.
[2026-09-08 00:53:00] <Sakagi_Ri> Brown
[2026-09-08 00:53:05] <Brown> ???????
[2026-09-08 00:53:10] <Sakagi_Ri> are you want wing?
[2026-09-08 00:53:18] <Sakagi_Ri> do you**
[2026-09-08 00:53:21] <Brown> ye
[2026-09-08 00:53:26] <Sakagi_Ri> Ok
[2026-09-08 00:53:38] <Sakagi_Ri> demon or angle you want to be
[2026-09-08 00:53:48] <Brown> angel
[2026-09-08 00:53:52] <Sakagi_Ri> I have demon wing and angle wing
[2026-09-08 00:53:58] <Sakagi_Ri> ke
[2026-09-08 00:54:03] Saving world data: 5%
[2026-09-08 00:54:03] Saving world data: 9%
[2026-09-08 00:54:03] Saving world data: 14%
[2026-09-08 00:54:03] Saving world data: 18%
[2026-09-08 00:54:03] Saving world data: 22%
[2026-09-08 00:54:03] Saving world data: 26%
[2026-09-08 00:54:03] Saving world data: 30%
[2026-09-08 00:54:03] Saving world data: 34%
[2026-09-08 00:54:03] Saving world data: 38%
[2026-09-08 00:54:03] Saving world data: 42%
[2026-09-08 00:54:03] Saving world data: 45%
[2026-09-08 00:54:03] Saving world data: 49%
[2026-09-08 00:54:03] Saving world data: 53%
[2026-09-08 00:54:03] Saving world data: 57%
[2026-09-08 00:54:03] Saving world data: 61%
[2026-09-08 00:54:03] Saving world data: 65%
[2026-09-08 00:54:03] Saving world data: 68%
[2026-09-08 00:54:04] Saving world data: 71%
[2026-09-08 00:54:04] Saving world data: 75%
[2026-09-08 00:54:04] Saving world data: 79%
[2026-09-08 00:54:04] Saving world data: 82%
[2026-09-08 00:54:04] Saving world data: 86%
[2026-09-08 00:54:04] Saving world data: 90%
[2026-09-08 00:54:04] Saving world data: 94%
[2026-09-08 00:54:04] Saving world data: 97%
[2026-09-08 00:54:04] Saving world data: 100%
[2026-09-08 00:54:04] Validating world save: 17%
[2026-09-08 00:54:04] Validating world save: 36%
[2026-09-08 00:54:04] Validating world save: 49%
[2026-09-08 00:54:04] Validating world save: 64%
[2026-09-08 00:54:04] Validating world save: 79%
[2026-09-08 00:54:04] Validating world save: 91%
[2026-09-08 00:54:04] Backing up world file
[2026-09-08 00:54:59] <Sakagi_Ri> Wait where is Mythril Anvil
[2026-09-08 00:55:05] <Sakagi_Ri> I cant craft
[2026-09-08 00:56:43] <Sakagi_Ri> did you found Mythril?
[2026-09-08 01:04:03] Saving world data: 4%
[2026-09-08 01:04:03] Saving world data: 7%
[2026-09-08 01:04:03] Saving world data: 11%
[2026-09-08 01:04:03] Saving world data: 14%
[2026-09-08 01:04:03] Saving world data: 17%
[2026-09-08 01:04:03] Saving world data: 21%
[2026-09-08 01:04:03] Saving world data: 24%
[2026-09-08 01:04:03] Saving world data: 27%
[2026-09-08 01:04:03] Saving world data: 31%
[2026-09-08 01:04:03] Saving world data: 34%
[2026-09-08 01:04:03] Saving world data: 37%
[2026-09-08 01:04:03] Saving world data: 40%
[2026-09-08 01:04:03] Saving world data: 43%
[2026-09-08 01:04:03] Saving world data: 46%
[2026-09-08 01:04:03] Saving world data: 49%
[2026-09-08 01:04:03] Saving world data: 52%
[2026-09-08 01:04:03] Saving world data: 55%
[2026-09-08 01:04:04] Saving world data: 59%
[2026-09-08 01:04:04] Saving world data: 61%
[2026-09-08 01:04:04] Saving world data: 64%
[2026-09-08 01:04:04] Saving world data: 67%
[2026-09-08 01:04:04] Saving world data: 71%
[2026-09-08 01:04:04] Saving world data: 74%
[2026-09-08 01:04:04] Saving world data: 78%
[2026-09-08 01:04:04] Saving world data: 81%
[2026-09-08 01:04:04] Saving world data: 86%
[2026-09-08 01:04:04] Saving world data: 90%
[2026-09-08 01:04:04] Saving world data: 94%
[2026-09-08 01:04:04] Saving world data: 97%
[2026-09-08 01:04:04] Saving world data: 100%
[2026-09-08 01:04:04] Validating world save: 17%
[2026-09-08 01:04:04] Validating world save: 35%
[2026-09-08 01:04:04] Validating world save: 47%
[2026-09-08 01:04:04] Validating world save: 63%
[2026-09-08 01:04:04] Validating world save: 79%
[2026-09-08 01:04:04] Validating world save: 95%
[2026-09-08 01:04:04] Backing up world file
[2026-09-08 01:14:03] Saving world data: 4%
[2026-09-08 01:14:03] Saving world data: 7%
[2026-09-08 01:14:03] Saving world data: 11%
[2026-09-08 01:14:03] Saving world data: 13%
[2026-09-08 01:14:03] Saving world data: 15%
[2026-09-08 01:14:03] Saving world data: 20%
[2026-09-08 01:14:03] Saving world data: 24%
[2026-09-08 01:14:03] Saving world data: 29%
[2026-09-08 01:14:03] Saving world data: 33%
[2026-09-08 01:14:03] Saving world data: 37%
[2026-09-08 01:14:03] Saving world data: 40%
[2026-09-08 01:14:03] Saving world data: 44%
[2026-09-08 01:14:03] Saving world data: 47%
[2026-09-08 01:14:03] Saving world data: 51%
[2026-09-08 01:14:03] Saving world data: 54%
[2026-09-08 01:14:03] Saving world data: 58%
[2026-09-08 01:14:03] Saving world data: 61%
[2026-09-08 01:14:04] Saving world data: 63%
[2026-09-08 01:14:04] Saving world data: 67%
[2026-09-08 01:14:04] Saving world data: 71%
[2026-09-08 01:14:04] Saving world data: 75%
[2026-09-08 01:14:04] Saving world data: 79%
[2026-09-08 01:14:04] Saving world data: 83%
[2026-09-08 01:14:04] Saving world data: 87%
[2026-09-08 01:14:04] Saving world data: 91%
[2026-09-08 01:14:04] Saving world data: 95%
[2026-09-08 01:14:04] Saving world data: 98%
[2026-09-08 01:14:04] Saving world data: 100%
[2026-09-08 01:14:04] Validating world save: 5%
[2026-09-08 01:14:04] Validating world save: 24%
[2026-09-08 01:14:04] Validating world save: 40%
[2026-09-08 01:14:04] Validating world save: 55%
[2026-09-08 01:14:04] Validating world save: 66%
[2026-09-08 01:14:04] Validating world save: 78%
[2026-09-08 01:14:04] Validating world save: 92%
[2026-09-08 01:14:04] Backing up world file
[2026-09-08 01:16:49] <Brown> where hellstone bar?
[2026-09-08 01:17:00] <Sakagi_Ri> hmm
[2026-09-08 01:17:02] <Sakagi_Ri> idk
[2026-09-08 01:17:26] <maybemavis> gold chest
[2026-09-08 01:17:45] <Sakagi_Ri> here
[2026-09-08 01:17:51] <Sakagi_Ri> yea
[2026-09-08 01:24:03] Saving world data: 5%
[2026-09-08 01:24:03] Saving world data: 9%
[2026-09-08 01:24:03] Saving world data: 14%
[2026-09-08 01:24:03] Saving world data: 18%
[2026-09-08 01:24:03] Saving world data: 22%
[2026-09-08 01:24:03] Saving world data: 25%
[2026-09-08 01:24:03] Saving world data: 29%
[2026-09-08 01:24:03] Saving world data: 33%
[2026-09-08 01:24:03] Saving world data: 36%
[2026-09-08 01:24:03] Saving world data: 40%
[2026-09-08 01:24:03] Saving world data: 44%
[2026-09-08 01:24:03] Saving world data: 47%
[2026-09-08 01:24:03] Saving world data: 51%
[2026-09-08 01:24:03] Saving world data: 55%
[2026-09-08 01:24:03] Saving world data: 59%
[2026-09-08 01:24:03] Saving world data: 63%
[2026-09-08 01:24:03] Saving world data: 67%
[2026-09-08 01:24:04] Saving world data: 71%
[2026-09-08 01:24:04] Saving world data: 75%
[2026-09-08 01:24:04] Saving world data: 79%
[2026-09-08 01:24:04] Saving world data: 82%
[2026-09-08 01:24:04] Saving world data: 86%
[2026-09-08 01:24:04] Saving world data: 90%
[2026-09-08 01:24:04] Saving world data: 94%
[2026-09-08 01:24:04] Saving world data: 97%
[2026-09-08 01:24:04] Saving world data: 100%
[2026-09-08 01:24:04] Validating world save: 19%
[2026-09-08 01:24:04] Validating world save: 37%
[2026-09-08 01:24:04] Validating world save: 50%
[2026-09-08 01:24:04] Validating world save: 65%
[2026-09-08 01:24:04] Validating world save: 80%
[2026-09-08 01:24:04] Validating world save: 96%
[2026-09-08 01:24:04] Backing up world file
[2026-09-08 01:34:03] Saving world data: 5%
[2026-09-08 01:34:03] Saving world data: 9%
[2026-09-08 01:34:03] Saving world data: 14%
[2026-09-08 01:34:03] Saving world data: 18%
[2026-09-08 01:34:03] Saving world data: 23%
[2026-09-08 01:34:03] Saving world data: 27%
[2026-09-08 01:34:03] Saving world data: 32%
[2026-09-08 01:34:03] Saving world data: 36%
[2026-09-08 01:34:03] Saving world data: 40%
[2026-09-08 01:34:03] Saving world data: 43%
[2026-09-08 01:34:03] Saving world data: 48%
[2026-09-08 01:34:03] Saving world data: 52%
[2026-09-08 01:34:03] Saving world data: 56%
[2026-09-08 01:34:03] Saving world data: 60%
[2026-09-08 01:34:03] Saving world data: 63%
[2026-09-08 01:34:03] Saving world data: 67%
[2026-09-08 01:34:03] Saving world data: 70%
[2026-09-08 01:34:04] Saving world data: 74%
[2026-09-08 01:34:04] Saving world data: 78%
[2026-09-08 01:34:04] Saving world data: 81%
[2026-09-08 01:34:04] Saving world data: 85%
[2026-09-08 01:34:04] Saving world data: 90%
[2026-09-08 01:34:04] Saving world data: 94%
[2026-09-08 01:34:04] Saving world data: 97%
[2026-09-08 01:34:04] Saving world data: 100%
[2026-09-08 01:34:04] Validating world save: 2%
[2026-09-08 01:34:04] Validating world save: 21%
[2026-09-08 01:34:04] Validating world save: 37%
[2026-09-08 01:34:04] Validating world save: 52%
[2026-09-08 01:34:04] Validating world save: 68%
[2026-09-08 01:34:04] Validating world save: 83%
[2026-09-08 01:34:04] Backing up world file
[2026-09-08 01:44:03] Saving world data: 2%
[2026-09-08 01:44:03] Saving world data: 7%
[2026-09-08 01:44:03] Saving world data: 11%
[2026-09-08 01:44:03] Saving world data: 15%
[2026-09-08 01:44:03] Saving world data: 19%
[2026-09-08 01:44:03] Saving world data: 23%
[2026-09-08 01:44:03] Saving world data: 27%
[2026-09-08 01:44:03] Saving world data: 31%
[2026-09-08 01:44:03] Saving world data: 36%
[2026-09-08 01:44:03] Saving world data: 39%
[2026-09-08 01:44:03] Saving world data: 43%
[2026-09-08 01:44:03] Saving world data: 47%
[2026-09-08 01:44:03] Saving world data: 51%
[2026-09-08 01:44:03] Saving world data: 55%
[2026-09-08 01:44:03] Saving world data: 59%
[2026-09-08 01:44:03] Saving world data: 63%
[2026-09-08 01:44:03] Saving world data: 67%
[2026-09-08 01:44:04] Saving world data: 71%
[2026-09-08 01:44:04] Saving world data: 75%
[2026-09-08 01:44:04] Saving world data: 79%
[2026-09-08 01:44:04] Saving world data: 82%
[2026-09-08 01:44:04] Saving world data: 86%
[2026-09-08 01:44:04] Saving world data: 91%
[2026-09-08 01:44:04] Saving world data: 95%
[2026-09-08 01:44:04] Saving world data: 97%
[2026-09-08 01:44:04] Saving world data: 100%
[2026-09-08 01:44:04] Validating world save: 13%
[2026-09-08 01:44:04] Validating world save: 32%
[2026-09-08 01:44:04] Validating world save: 45%
[2026-09-08 01:44:04] Validating world save: 62%
[2026-09-08 01:44:04] Validating world save: 78%
[2026-09-08 01:44:04] Validating world save: 91%
[2026-09-08 01:44:04] Backing up world file
[2026-09-08 01:54:03] Saving world data: 5%
[2026-09-08 01:54:03] Saving world data: 10%
[2026-09-08 01:54:03] Saving world data: 14%
[2026-09-08 01:54:03] Saving world data: 18%
[2026-09-08 01:54:03] Saving world data: 23%
[2026-09-08 01:54:03] Saving world data: 27%
[2026-09-08 01:54:03] Saving world data: 32%
[2026-09-08 01:54:03] Saving world data: 36%
[2026-09-08 01:54:03] Saving world data: 40%
[2026-09-08 01:54:03] Saving world data: 44%
[2026-09-08 01:54:03] Saving world data: 48%
[2026-09-08 01:54:03] Saving world data: 52%
[2026-09-08 01:54:03] Saving world data: 56%
[2026-09-08 01:54:03] Saving world data: 60%
[2026-09-08 01:54:03] Saving world data: 64%
[2026-09-08 01:54:03] Saving world data: 68%
[2026-09-08 01:54:04] Saving world data: 71%
[2026-09-08 01:54:04] Saving world data: 76%
[2026-09-08 01:54:04] Saving world data: 80%
[2026-09-08 01:54:04] Saving world data: 83%
[2026-09-08 01:54:04] Saving world data: 88%
[2026-09-08 01:54:04] Saving world data: 92%
[2026-09-08 01:54:04] Saving world data: 95%
[2026-09-08 01:54:04] Saving world data: 100%
[2026-09-08 01:54:04] Validating world save: 11%
[2026-09-08 01:54:04] Validating world save: 31%
[2026-09-08 01:54:04] Validating world save: 45%
[2026-09-08 01:54:04] Validating world save: 62%
[2026-09-08 01:54:04] Validating world save: 78%
[2026-09-08 01:54:04] Validating world save: 95%
[2026-09-08 01:54:04] Backing up world file
[2026-09-08 02:04:03] Saving world data: 5%
[2026-09-08 02:04:03] Saving world data: 9%
[2026-09-08 02:04:03] Saving world data: 13%
[2026-09-08 02:04:03] Saving world data: 18%
[2026-09-08 02:04:03] Saving world data: 22%
[2026-09-08 02:04:03] Saving world data: 27%
[2026-09-08 02:04:03] Saving world data: 31%
[2026-09-08 02:04:03] Saving world data: 36%
[2026-09-08 02:04:03] Saving world data: 40%
[2026-09-08 02:04:03] Saving world data: 43%
[2026-09-08 02:04:03] Saving world data: 47%
[2026-09-08 02:04:03] Saving world data: 52%
[2026-09-08 02:04:03] Saving world data: 56%
[2026-09-08 02:04:03] Saving world data: 60%
[2026-09-08 02:04:03] Saving world data: 64%
[2026-09-08 02:04:03] Saving world data: 68%
[2026-09-08 02:04:03] Saving world data: 72%
[2026-09-08 02:04:04] Saving world data: 75%
[2026-09-08 02:04:04] Saving world data: 79%
[2026-09-08 02:04:04] Saving world data: 83%
[2026-09-08 02:04:04] Saving world data: 88%
[2026-09-08 02:04:04] Saving world data: 92%
[2026-09-08 02:04:04] Saving world data: 95%
[2026-09-08 02:04:04] Saving world data: 99%
[2026-09-08 02:04:04] Saving world data: 100%
[2026-09-08 02:04:04] Validating world save: 9%
[2026-09-08 02:04:04] Validating world save: 28%
[2026-09-08 02:04:04] Validating world save: 43%
[2026-09-08 02:04:04] Validating world save: 61%
[2026-09-08 02:04:04] Validating world save: 75%
[2026-09-08 02:04:04] Validating world save: 91%
[2026-09-08 02:04:04] Backing up world file
[2026-09-08 02:06:34] <Brown> hellstone ore
[2026-09-08 02:06:39] <Brown> where
[2026-09-08 02:06:42] <Sakagi_Ri> some where
[2026-09-08 02:06:54] <maybemavis> this chest
[2026-09-08 02:06:54] <Sakagi_Ri> check gold chest
[2026-09-08 02:07:11] <Sakagi_Ri> I think in the stone chest
[2026-09-08 02:07:11] <maybemavis> i'm opening
[2026-09-08 02:07:15] <maybemavis> here
[2026-09-08 02:08:47] <Sakagi_Ri> come dis
[2026-09-08 02:14:03] Saving world data: 5%
[2026-09-08 02:14:03] Saving world data: 9%
[2026-09-08 02:14:03] Saving world data: 13%
[2026-09-08 02:14:03] Saving world data: 17%
[2026-09-08 02:14:03] Saving world data: 21%
[2026-09-08 02:14:03] Saving world data: 25%
[2026-09-08 02:14:03] Saving world data: 28%
[2026-09-08 02:14:03] Saving world data: 32%
[2026-09-08 02:14:03] Saving world data: 36%
[2026-09-08 02:14:03] Saving world data: 40%
[2026-09-08 02:14:03] Saving world data: 43%
[2026-09-08 02:14:03] Saving world data: 46%
[2026-09-08 02:14:03] Saving world data: 49%
[2026-09-08 02:14:03] Saving world data: 52%
[2026-09-08 02:14:03] Saving world data: 55%
[2026-09-08 02:14:03] Saving world data: 58%
[2026-09-08 02:14:04] Saving world data: 61%
[2026-09-08 02:14:04] Saving world data: 63%
[2026-09-08 02:14:04] Saving world data: 66%
[2026-09-08 02:14:04] Saving world data: 70%
[2026-09-08 02:14:04] Saving world data: 73%
[2026-09-08 02:14:04] Saving world data: 76%
[2026-09-08 02:14:04] Saving world data: 79%
[2026-09-08 02:14:04] Saving world data: 81%
[2026-09-08 02:14:04] Saving world data: 84%
[2026-09-08 02:14:04] Saving world data: 87%
[2026-09-08 02:14:04] Saving world data: 91%
[2026-09-08 02:14:04] Saving world data: 94%
[2026-09-08 02:14:04] Saving world data: 96%
[2026-09-08 02:14:04] Saving world data: 100%
[2026-09-08 02:14:04] Validating world save: 12%
[2026-09-08 02:14:04] Validating world save: 31%
[2026-09-08 02:14:04] Validating world save: 44%
[2026-09-08 02:14:04] Validating world save: 60%
[2026-09-08 02:14:04] Validating world save: 75%
[2026-09-08 02:14:04] Validating world save: 90%
[2026-09-08 02:14:04] Backing up world file
[2026-09-08 02:24:04] Saving world data: 5%
[2026-09-08 02:24:04] Saving world data: 9%
[2026-09-08 02:24:04] Saving world data: 13%
[2026-09-08 02:24:04] Saving world data: 16%
[2026-09-08 02:24:04] Saving world data: 20%
[2026-09-08 02:24:04] Saving world data: 25%
[2026-09-08 02:24:04] Saving world data: 29%
[2026-09-08 02:24:04] Saving world data: 32%
[2026-09-08 02:24:04] Saving world data: 37%
[2026-09-08 02:24:04] Saving world data: 40%
[2026-09-08 02:24:04] Saving world data: 44%
[2026-09-08 02:24:04] Saving world data: 48%
[2026-09-08 02:24:04] Saving world data: 52%
[2026-09-08 02:24:04] Saving world data: 56%
[2026-09-08 02:24:04] Saving world data: 60%
[2026-09-08 02:24:04] Saving world data: 64%
[2026-09-08 02:24:04] Saving world data: 68%
[2026-09-08 02:24:04] Saving world data: 70%
[2026-09-08 02:24:04] Saving world data: 74%
[2026-09-08 02:24:04] Saving world data: 78%
[2026-09-08 02:24:04] Saving world data: 82%
[2026-09-08 02:24:04] Saving world data: 86%
[2026-09-08 02:24:04] Saving world data: 90%
[2026-09-08 02:24:04] Saving world data: 94%
[2026-09-08 02:24:04] Saving world data: 98%
[2026-09-08 02:24:04] Saving world data: 100%
[2026-09-08 02:24:04] Validating world save: 2%
[2026-09-08 02:24:04] Validating world save: 21%
[2026-09-08 02:24:04] Validating world save: 39%
[2026-09-08 02:24:04] Validating world save: 53%
[2026-09-08 02:24:04] Validating world save: 69%
[2026-09-08 02:24:04] Validating world save: 83%
[2026-09-08 02:24:04] Validating world save: 100%
[2026-09-08 02:24:04] Backing up world file
[2026-09-08 02:34:04] Saving world data: 5%
[2026-09-08 02:34:04] Saving world data: 9%
[2026-09-08 02:34:04] Saving world data: 13%
[2026-09-08 02:34:04] Saving world data: 17%
[2026-09-08 02:34:04] Saving world data: 20%
[2026-09-08 02:34:04] Saving world data: 24%
[2026-09-08 02:34:04] Saving world data: 28%
[2026-09-08 02:34:04] Saving world data: 32%
[2026-09-08 02:34:04] Saving world data: 35%
[2026-09-08 02:34:04] Saving world data: 39%
[2026-09-08 02:34:04] Saving world data: 42%
[2026-09-08 02:34:04] Saving world data: 45%
[2026-09-08 02:34:04] Saving world data: 50%
[2026-09-08 02:34:04] Saving world data: 54%
[2026-09-08 02:34:04] Saving world data: 58%
[2026-09-08 02:34:04] Saving world data: 62%
[2026-09-08 02:34:04] Saving world data: 65%
[2026-09-08 02:34:04] Saving world data: 69%
[2026-09-08 02:34:04] Saving world data: 73%
[2026-09-08 02:34:04] Saving world data: 77%
[2026-09-08 02:34:04] Saving world data: 80%
[2026-09-08 02:34:04] Saving world data: 84%
[2026-09-08 02:34:04] Saving world data: 88%
[2026-09-08 02:34:04] Saving world data: 92%
[2026-09-08 02:34:04] Saving world data: 95%
[2026-09-08 02:34:04] Saving world data: 100%
[2026-09-08 02:34:04] Validating world save: 1%
[2026-09-08 02:34:04] Validating world save: 20%
[2026-09-08 02:34:04] Validating world save: 38%
[2026-09-08 02:34:04] Validating world save: 53%
[2026-09-08 02:34:04] Validating world save: 67%
[2026-09-08 02:34:04] Validating world save: 82%
[2026-09-08 02:34:04] Validating world save: 97%
[2026-09-08 02:34:04] Backing up world file
[2026-09-08 02:36:20] Sakagi_Ri has left.
[2026-09-08 02:36:24] 127.190.221.119:48543 is connecting...
[2026-09-08 02:36:25] Sakagi_Ri has joined.
[2026-09-08 02:44:04] Saving world data: 5%
[2026-09-08 02:44:04] Saving world data: 9%
[2026-09-08 02:44:04] Saving world data: 14%
[2026-09-08 02:44:04] Saving world data: 18%
[2026-09-08 02:44:04] Saving world data: 23%
[2026-09-08 02:44:04] Saving world data: 27%
[2026-09-08 02:44:04] Saving world data: 31%
[2026-09-08 02:44:04] Saving world data: 35%
[2026-09-08 02:44:04] Saving world data: 39%
[2026-09-08 02:44:04] Saving world data: 43%
[2026-09-08 02:44:04] Saving world data: 47%
[2026-09-08 02:44:04] Saving world data: 51%
[2026-09-08 02:44:04] Saving world data: 55%
[2026-09-08 02:44:04] Saving world data: 59%
[2026-09-08 02:44:04] Saving world data: 63%
[2026-09-08 02:44:04] Saving world data: 66%
[2026-09-08 02:44:04] Saving world data: 71%
[2026-09-08 02:44:04] Saving world data: 74%
[2026-09-08 02:44:04] Saving world data: 78%
[2026-09-08 02:44:04] Saving world data: 82%
[2026-09-08 02:44:04] Saving world data: 86%
[2026-09-08 02:44:04] Saving world data: 90%
[2026-09-08 02:44:04] Saving world data: 94%
[2026-09-08 02:44:04] Saving world data: 97%
[2026-09-08 02:44:04] Saving world data: 100%
[2026-09-08 02:44:04] Validating world save: 16%
[2026-09-08 02:44:04] Validating world save: 33%
[2026-09-08 02:44:04] Validating world save: 44%
[2026-09-08 02:44:04] Validating world save: 60%
[2026-09-08 02:44:04] Validating world save: 72%
[2026-09-08 02:44:04] Validating world save: 85%
[2026-09-08 02:44:04] Validating world save: 100%
[2026-09-08 02:44:04] Backing up world file
[2026-09-08 02:54:04] Saving world data: 5%
[2026-09-08 02:54:04] Saving world data: 9%
[2026-09-08 02:54:04] Saving world data: 14%
[2026-09-08 02:54:04] Saving world data: 18%
[2026-09-08 02:54:04] Saving world data: 22%
[2026-09-08 02:54:04] Saving world data: 27%
[2026-09-08 02:54:04] Saving world data: 31%
[2026-09-08 02:54:04] Saving world data: 35%
[2026-09-08 02:54:04] Saving world data: 39%
[2026-09-08 02:54:04] Saving world data: 43%
[2026-09-08 02:54:04] Saving world data: 47%
[2026-09-08 02:54:04] Saving world data: 51%
[2026-09-08 02:54:04] Saving world data: 55%
[2026-09-08 02:54:04] Saving world data: 59%
[2026-09-08 02:54:04] Saving world data: 62%
[2026-09-08 02:54:04] Saving world data: 66%
[2026-09-08 02:54:04] Saving world data: 70%
[2026-09-08 02:54:04] Saving world data: 74%
[2026-09-08 02:54:04] Saving world data: 78%
[2026-09-08 02:54:04] Saving world data: 82%
[2026-09-08 02:54:04] Saving world data: 86%
[2026-09-08 02:54:04] Saving world data: 90%
[2026-09-08 02:54:04] Saving world data: 94%
[2026-09-08 02:54:04] Saving world data: 98%
[2026-09-08 02:54:04] Saving world data: 100%
[2026-09-08 02:54:04] Validating world save: 17%
[2026-09-08 02:54:04] Validating world save: 33%
[2026-09-08 02:54:04] Validating world save: 47%
[2026-09-08 02:54:04] Validating world save: 62%
[2026-09-08 02:54:04] Validating world save: 77%
[2026-09-08 02:54:04] Validating world save: 94%
[2026-09-08 02:54:04] Backing up world file
[2026-09-08 03:04:04] Saving world data: 5%
[2026-09-08 03:04:04] Saving world data: 9%
[2026-09-08 03:04:04] Saving world data: 13%
[2026-09-08 03:04:04] Saving world data: 18%
[2026-09-08 03:04:04] Saving world data: 22%
[2026-09-08 03:04:04] Saving world data: 26%
[2026-09-08 03:04:04] Saving world data: 30%
[2026-09-08 03:04:04] Saving world data: 34%
[2026-09-08 03:04:04] Saving world data: 38%
[2026-09-08 03:04:04] Saving world data: 42%
[2026-09-08 03:04:04] Saving world data: 45%
[2026-09-08 03:04:04] Saving world data: 49%
[2026-09-08 03:04:04] Saving world data: 54%
[2026-09-08 03:04:04] Saving world data: 57%
[2026-09-08 03:04:04] Saving world data: 61%
[2026-09-08 03:04:04] Saving world data: 65%
[2026-09-08 03:04:04] Saving world data: 69%
[2026-09-08 03:04:04] Saving world data: 72%
[2026-09-08 03:04:04] Saving world data: 76%
[2026-09-08 03:04:04] Saving world data: 80%
[2026-09-08 03:04:04] Saving world data: 83%
[2026-09-08 03:04:04] Saving world data: 87%
[2026-09-08 03:04:04] Saving world data: 91%
[2026-09-08 03:04:04] Saving world data: 95%
[2026-09-08 03:04:04] Saving world data: 99%
[2026-09-08 03:04:04] Saving world data: 100%
[2026-09-08 03:04:04] Validating world save: 5%
[2026-09-08 03:04:04] Validating world save: 24%
[2026-09-08 03:04:04] Validating world save: 40%
[2026-09-08 03:04:04] Validating world save: 54%
[2026-09-08 03:04:04] Validating world save: 66%
[2026-09-08 03:04:04] Validating world save: 80%
[2026-09-08 03:04:04] Validating world save: 96%
[2026-09-08 03:04:04] Backing up world file
[2026-09-08 03:08:30] Brown has left.
[2026-09-08 03:11:54] 127.232.132.6:48413 is connecting...
[2026-09-08 03:11:55] Brown has joined.
[2026-09-08 03:14:04] Saving world data: 5%
[2026-09-08 03:14:04] Saving world data: 9%
[2026-09-08 03:14:04] Saving world data: 13%
[2026-09-08 03:14:04] Saving world data: 17%
[2026-09-08 03:14:04] Saving world data: 21%
[2026-09-08 03:14:04] Saving world data: 26%
[2026-09-08 03:14:04] Saving world data: 30%
[2026-09-08 03:14:04] Saving world data: 34%
[2026-09-08 03:14:04] Saving world data: 38%
[2026-09-08 03:14:04] Saving world data: 41%
[2026-09-08 03:14:04] Saving world data: 45%
[2026-09-08 03:14:04] Saving world data: 49%
[2026-09-08 03:14:04] Saving world data: 53%
[2026-09-08 03:14:04] Saving world data: 57%
[2026-09-08 03:14:04] Saving world data: 61%
[2026-09-08 03:14:04] Saving world data: 64%
[2026-09-08 03:14:04] Saving world data: 68%
[2026-09-08 03:14:04] Saving world data: 70%
[2026-09-08 03:14:04] Saving world data: 74%
[2026-09-08 03:14:04] Saving world data: 78%
[2026-09-08 03:14:04] Saving world data: 81%
[2026-09-08 03:14:04] Saving world data: 85%
[2026-09-08 03:14:04] Saving world data: 89%
[2026-09-08 03:14:04] Saving world data: 93%
[2026-09-08 03:14:04] Saving world data: 96%
[2026-09-08 03:14:04] Saving world data: 100%
[2026-09-08 03:14:04] Validating world save: 14%
[2026-09-08 03:14:04] Validating world save: 32%
[2026-09-08 03:14:04] Validating world save: 45%
[2026-09-08 03:14:04] Validating world save: 62%
[2026-09-08 03:14:04] Validating world save: 76%
[2026-09-08 03:14:04] Validating world save: 88%
[2026-09-08 03:14:04] Backing up world file
[2026-09-08 03:17:20] Brown has left.
[2026-09-08 03:24:04] Saving world data: 4%
[2026-09-08 03:24:04] Saving world data: 8%
[2026-09-08 03:24:04] Saving world data: 11%
[2026-09-08 03:24:04] Saving world data: 15%
[2026-09-08 03:24:04] Saving world data: 18%
[2026-09-08 03:24:04] Saving world data: 22%
[2026-09-08 03:24:04] Saving world data: 25%
[2026-09-08 03:24:04] Saving world data: 28%
[2026-09-08 03:24:04] Saving world data: 32%
[2026-09-08 03:24:04] Saving world data: 35%
[2026-09-08 03:24:04] Saving world data: 39%
[2026-09-08 03:24:04] Saving world data: 42%
[2026-09-08 03:24:04] Saving world data: 45%
[2026-09-08 03:24:04] Saving world data: 48%
[2026-09-08 03:24:04] Saving world data: 51%
[2026-09-08 03:24:04] Saving world data: 55%
[2026-09-08 03:24:04] Saving world data: 58%
[2026-09-08 03:24:04] Saving world data: 61%
[2026-09-08 03:24:04] Saving world data: 64%
[2026-09-08 03:24:04] Saving world data: 67%
[2026-09-08 03:24:04] Saving world data: 71%
[2026-09-08 03:24:04] Saving world data: 74%
[2026-09-08 03:24:04] Saving world data: 77%
[2026-09-08 03:24:04] Saving world data: 80%
[2026-09-08 03:24:04] Saving world data: 83%
[2026-09-08 03:24:04] Saving world data: 87%
[2026-09-08 03:24:04] Saving world data: 90%
[2026-09-08 03:24:04] Saving world data: 94%
[2026-09-08 03:24:04] Saving world data: 96%
[2026-09-08 03:24:04] Saving world data: 100%
[2026-09-08 03:24:04] Validating world save: 16%
[2026-09-08 03:24:04] Validating world save: 32%
[2026-09-08 03:24:04] Validating world save: 47%
[2026-09-08 03:24:04] Validating world save: 63%
[2026-09-08 03:24:04] Validating world save: 78%
[2026-09-08 03:24:04] Validating world save: 94%
[2026-09-08 03:24:04] Backing up world file
[2026-09-08 03:29:48] 127.232.132.6:37771 is connecting...
[2026-09-08 03:29:49] Brown has joined.
[2026-09-08 03:34:04] Saving world data: 4%
[2026-09-08 03:34:04] Saving world data: 9%
[2026-09-08 03:34:04] Saving world data: 13%
[2026-09-08 03:34:04] Saving world data: 18%
[2026-09-08 03:34:04] Saving world data: 22%
[2026-09-08 03:34:04] Saving world data: 26%
[2026-09-08 03:34:04] Saving world data: 30%
[2026-09-08 03:34:04] Saving world data: 35%
[2026-09-08 03:34:04] Saving world data: 39%
[2026-09-08 03:34:04] Saving world data: 42%
[2026-09-08 03:34:04] Saving world data: 46%
[2026-09-08 03:34:04] Saving world data: 51%
[2026-09-08 03:34:04] Saving world data: 55%
[2026-09-08 03:34:04] Saving world data: 59%
[2026-09-08 03:34:04] Saving world data: 63%
[2026-09-08 03:34:04] Saving world data: 66%
[2026-09-08 03:34:04] Saving world data: 71%
[2026-09-08 03:34:04] Saving world data: 74%
[2026-09-08 03:34:04] Saving world data: 79%
[2026-09-08 03:34:04] Saving world data: 82%
[2026-09-08 03:34:04] Saving world data: 86%
[2026-09-08 03:34:04] Saving world data: 91%
[2026-09-08 03:34:04] Saving world data: 95%
[2026-09-08 03:34:04] Saving world data: 98%
[2026-09-08 03:34:04] Saving world data: 100%
[2026-09-08 03:34:04] Validating world save: 3%
[2026-09-08 03:34:04] Validating world save: 23%
[2026-09-08 03:34:04] Validating world save: 40%
[2026-09-08 03:34:04] Validating world save: 53%
[2026-09-08 03:34:04] Validating world save: 68%
[2026-09-08 03:34:04] Validating world save: 83%
[2026-09-08 03:34:04] Backing up world file
[2026-09-08 03:44:04] Saving world data: 5%
[2026-09-08 03:44:04] Saving world data: 9%
[2026-09-08 03:44:04] Saving world data: 13%
[2026-09-08 03:44:04] Saving world data: 17%
[2026-09-08 03:44:04] Saving world data: 21%
[2026-09-08 03:44:04] Saving world data: 25%
[2026-09-08 03:44:04] Saving world data: 29%
[2026-09-08 03:44:04] Saving world data: 33%
[2026-09-08 03:44:04] Saving world data: 37%
[2026-09-08 03:44:04] Saving world data: 40%
[2026-09-08 03:44:04] Saving world data: 44%
[2026-09-08 03:44:04] Saving world data: 47%
[2026-09-08 03:44:04] Saving world data: 52%
[2026-09-08 03:44:04] Saving world data: 56%
[2026-09-08 03:44:04] Saving world data: 60%
[2026-09-08 03:44:04] Saving world data: 63%
[2026-09-08 03:44:04] Saving world data: 68%
[2026-09-08 03:44:04] Saving world data: 71%
[2026-09-08 03:44:04] Saving world data: 75%
[2026-09-08 03:44:04] Saving world data: 79%
[2026-09-08 03:44:04] Saving world data: 82%
[2026-09-08 03:44:04] Saving world data: 86%
[2026-09-08 03:44:04] Saving world data: 90%
[2026-09-08 03:44:04] Saving world data: 93%
[2026-09-08 03:44:04] Saving world data: 96%
[2026-09-08 03:44:04] Saving world data: 100%
[2026-09-08 03:44:04] Validating world save: 10%
[2026-09-08 03:44:04] Validating world save: 28%
[2026-09-08 03:44:04] Validating world save: 42%
[2026-09-08 03:44:04] Validating world save: 56%
[2026-09-08 03:44:04] Validating world save: 70%
[2026-09-08 03:44:04] Validating world save: 84%
[2026-09-08 03:44:04] Backing up world file
[2026-09-08 03:54:04] Saving world data: 2%
[2026-09-08 03:54:04] Saving world data: 5%
[2026-09-08 03:54:04] Saving world data: 9%
[2026-09-08 03:54:04] Saving world data: 14%
[2026-09-08 03:54:04] Saving world data: 18%
[2026-09-08 03:54:04] Saving world data: 23%
[2026-09-08 03:54:04] Saving world data: 27%
[2026-09-08 03:54:04] Saving world data: 31%
[2026-09-08 03:54:04] Saving world data: 35%
[2026-09-08 03:54:04] Saving world data: 39%
[2026-09-08 03:54:04] Saving world data: 43%
[2026-09-08 03:54:04] Saving world data: 47%
[2026-09-08 03:54:04] Saving world data: 51%
[2026-09-08 03:54:04] Saving world data: 55%
[2026-09-08 03:54:04] Saving world data: 59%
[2026-09-08 03:54:04] Saving world data: 63%
[2026-09-08 03:54:04] Saving world data: 66%
[2026-09-08 03:54:04] Saving world data: 70%
[2026-09-08 03:54:04] Saving world data: 74%
[2026-09-08 03:54:04] Saving world data: 78%
[2026-09-08 03:54:04] Saving world data: 82%
[2026-09-08 03:54:04] Saving world data: 86%
[2026-09-08 03:54:04] Saving world data: 90%
[2026-09-08 03:54:04] Saving world data: 94%
[2026-09-08 03:54:04] Saving world data: 97%
[2026-09-08 03:54:04] Saving world data: 100%
[2026-09-08 03:54:04] Validating world save: 13%
[2026-09-08 03:54:04] Validating world save: 34%
[2026-09-08 03:54:04] Validating world save: 47%
[2026-09-08 03:54:04] Validating world save: 64%
[2026-09-08 03:54:04] Validating world save: 75%
[2026-09-08 03:54:04] Validating world save: 89%
[2026-09-08 03:54:04] Backing up world file
[2026-09-08 04:04:04] Saving world data: 5%
[2026-09-08 04:04:04] Saving world data: 9%
[2026-09-08 04:04:04] Saving world data: 13%
[2026-09-08 04:04:04] Saving world data: 17%
[2026-09-08 04:04:04] Saving world data: 21%
[2026-09-08 04:04:04] Saving world data: 25%
[2026-09-08 04:04:04] Saving world data: 30%
[2026-09-08 04:04:04] Saving world data: 34%
[2026-09-08 04:04:04] Saving world data: 38%
[2026-09-08 04:04:04] Saving world data: 42%
[2026-09-08 04:04:04] Saving world data: 45%
[2026-09-08 04:04:04] Saving world data: 49%
[2026-09-08 04:04:04] Saving world data: 53%
[2026-09-08 04:04:04] Saving world data: 57%
[2026-09-08 04:04:04] Saving world data: 61%
[2026-09-08 04:04:04] Saving world data: 63%
[2026-09-08 04:04:04] Saving world data: 68%
[2026-09-08 04:04:04] Saving world data: 71%
[2026-09-08 04:04:04] Saving world data: 75%
[2026-09-08 04:04:04] Saving world data: 79%
[2026-09-08 04:04:04] Saving world data: 82%
[2026-09-08 04:04:04] Saving world data: 87%
[2026-09-08 04:04:04] Saving world data: 91%
[2026-09-08 04:04:04] Saving world data: 95%
[2026-09-08 04:04:04] Saving world data: 98%
[2026-09-08 04:04:04] Saving world data: 100%
[2026-09-08 04:04:04] Validating world save: 3%
[2026-09-08 04:04:04] Validating world save: 22%
[2026-09-08 04:04:04] Validating world save: 39%
[2026-09-08 04:04:04] Validating world save: 51%
[2026-09-08 04:04:04] Validating world save: 65%
[2026-09-08 04:04:04] Validating world save: 80%
[2026-09-08 04:04:04] Validating world save: 98%
[2026-09-08 04:04:04] Backing up world file
[2026-09-08 04:05:29] <Sakagi_Ri> drop and run
[2026-09-08 04:09:20] Sakagi_Ri has left.
[2026-09-08 04:09:23] 127.190.221.119:50903 is connecting...
[2026-09-08 04:09:24] Sakagi_Ri has joined.
[2026-09-08 04:09:28] <Brown> Where my summon staff?
[2026-09-08 04:10:10] <Sakagi_Ri> here
[2026-09-08 04:10:26] <Sakagi_Ri> come check
[2026-09-08 04:10:56] <Sakagi_Ri> line 2 block 9
[2026-09-08 04:13:36] <Brown> ihave 74 gold coin
[2026-09-08 04:14:04] Saving world data: 2%
[2026-09-08 04:14:04] Saving world data: 4%
[2026-09-08 04:14:04] Saving world data: 9%
[2026-09-08 04:14:04] Saving world data: 13%
[2026-09-08 04:14:04] Saving world data: 17%
[2026-09-08 04:14:04] Saving world data: 21%
[2026-09-08 04:14:04] Saving world data: 26%
[2026-09-08 04:14:04] Saving world data: 30%
[2026-09-08 04:14:04] Saving world data: 34%
[2026-09-08 04:14:04] Saving world data: 38%
[2026-09-08 04:14:04] Saving world data: 42%
[2026-09-08 04:14:04] Saving world data: 46%
[2026-09-08 04:14:04] Saving world data: 50%
[2026-09-08 04:14:04] Saving world data: 54%
[2026-09-08 04:14:04] Saving world data: 58%
[2026-09-08 04:14:04] Saving world data: 62%
[2026-09-08 04:14:04] Saving world data: 66%
[2026-09-08 04:14:04] Saving world data: 69%
[2026-09-08 04:14:04] Saving world data: 73%
[2026-09-08 04:14:04] Saving world data: 78%
[2026-09-08 04:14:04] Saving world data: 81%
[2026-09-08 04:14:04] Saving world data: 85%
[2026-09-08 04:14:04] Saving world data: 89%
[2026-09-08 04:14:04] Saving world data: 93%
[2026-09-08 04:14:04] Saving world data: 97%
[2026-09-08 04:14:04] Saving world data: 100%
[2026-09-08 04:14:04] Validating world save: 6%
[2026-09-08 04:14:04] Validating world save: 24%
[2026-09-08 04:14:04] Validating world save: 40%
[2026-09-08 04:14:04] Validating world save: 55%
[2026-09-08 04:14:04] Validating world save: 70%
[2026-09-08 04:14:04] Validating world save: 85%
[2026-09-08 04:14:04] Validating world save: 100%
[2026-09-08 04:14:04] Backing up world file
[2026-09-08 04:24:04] Saving world data: 2%
[2026-09-08 04:24:04] Saving world data: 6%
[2026-09-08 04:24:04] Saving world data: 10%
[2026-09-08 04:24:04] Saving world data: 15%
[2026-09-08 04:24:04] Saving world data: 19%
[2026-09-08 04:24:04] Saving world data: 23%
[2026-09-08 04:24:04] Saving world data: 27%
[2026-09-08 04:24:04] Saving world data: 32%
[2026-09-08 04:24:04] Saving world data: 36%
[2026-09-08 04:24:04] Saving world data: 40%
[2026-09-08 04:24:04] Saving world data: 43%
[2026-09-08 04:24:04] Saving world data: 47%
[2026-09-08 04:24:04] Saving world data: 50%
[2026-09-08 04:24:04] Saving world data: 55%
[2026-09-08 04:24:04] Saving world data: 58%
[2026-09-08 04:24:04] Saving world data: 61%
[2026-09-08 04:24:04] Saving world data: 64%
[2026-09-08 04:24:04] Saving world data: 67%
[2026-09-08 04:24:04] Saving world data: 70%
[2026-09-08 04:24:04] Saving world data: 73%
[2026-09-08 04:24:04] Saving world data: 76%
[2026-09-08 04:24:04] Saving world data: 79%
[2026-09-08 04:24:04] Saving world data: 82%
[2026-09-08 04:24:04] Saving world data: 85%
[2026-09-08 04:24:04] Saving world data: 88%
[2026-09-08 04:24:04] Saving world data: 91%
[2026-09-08 04:24:04] Saving world data: 95%
[2026-09-08 04:24:04] Saving world data: 98%
[2026-09-08 04:24:04] Saving world data: 100%
[2026-09-08 04:24:04] Validating world save: 17%
[2026-09-08 04:24:04] Validating world save: 34%
[2026-09-08 04:24:04] Validating world save: 45%
[2026-09-08 04:24:04] Validating world save: 61%
[2026-09-08 04:24:04] Validating world save: 77%
[2026-09-08 04:24:04] Validating world save: 91%
[2026-09-08 04:24:04] Backing up world file
[2026-09-08 04:27:30] maybemavis has left.
[2026-09-08 04:27:34] 127.190.221.119:43549 is connecting...
[2026-09-08 04:27:36] maybemavis has joined.
[2026-09-08 04:30:00] Sakagi_Ri has left.
[2026-09-08 04:30:02] 127.190.221.119:53215 is connecting...
[2026-09-08 04:30:04] Sakagi_Ri has joined.
[2026-09-08 04:30:26] <Sakagi_Ri> have any good drop?
[2026-09-08 04:33:53] Sakagi_Ri has left.
[2026-09-08 04:33:57] 127.190.221.119:52665 is connecting...
[2026-09-08 04:33:58] Sakagi_Ri has joined.
[2026-09-08 04:34:04] Saving world data: 5%
[2026-09-08 04:34:04] Saving world data: 9%
[2026-09-08 04:34:04] Saving world data: 14%
[2026-09-08 04:34:04] Saving world data: 18%
[2026-09-08 04:34:04] Saving world data: 22%
[2026-09-08 04:34:04] Saving world data: 25%
[2026-09-08 04:34:04] Saving world data: 29%
[2026-09-08 04:34:04] Saving world data: 32%
[2026-09-08 04:34:04] Saving world data: 35%
[2026-09-08 04:34:04] Saving world data: 38%
[2026-09-08 04:34:04] Saving world data: 41%
[2026-09-08 04:34:04] Saving world data: 44%
[2026-09-08 04:34:04] Saving world data: 47%
[2026-09-08 04:34:04] Saving world data: 48%
[2026-09-08 04:34:04] Saving world data: 50%
[2026-09-08 04:34:04] Saving world data: 52%
[2026-09-08 04:34:04] Saving world data: 55%
[2026-09-08 04:34:04] Saving world data: 58%
[2026-09-08 04:34:04] Saving world data: 61%
[2026-09-08 04:34:04] Saving world data: 64%
[2026-09-08 04:34:04] Saving world data: 67%
[2026-09-08 04:34:04] Saving world data: 70%
[2026-09-08 04:34:04] Saving world data: 73%
[2026-09-08 04:34:04] Saving world data: 76%
[2026-09-08 04:34:04] Saving world data: 79%
[2026-09-08 04:34:04] Saving world data: 82%
[2026-09-08 04:34:04] Saving world data: 85%
[2026-09-08 04:34:04] Saving world data: 88%
[2026-09-08 04:34:04] Saving world data: 91%
[2026-09-08 04:34:04] Saving world data: 94%
[2026-09-08 04:34:04] Saving world data: 97%
[2026-09-08 04:34:04] Saving world data: 100%
[2026-09-08 04:34:04] Validating world save: 10%
[2026-09-08 04:34:04] Validating world save: 23%
[2026-09-08 04:34:04] Validating world save: 38%
[2026-09-08 04:34:04] Validating world save: 48%
[2026-09-08 04:34:04] Validating world save: 62%
[2026-09-08 04:34:04] Validating world save: 74%
[2026-09-08 04:34:04] Validating world save: 87%
[2026-09-08 04:34:04] Backing up world file
[2026-09-08 04:35:30] <Sakagi_Ri> 5555
[2026-09-08 04:35:32] <Sakagi_Ri> my bad
[2026-09-08 04:35:36] <maybemavis> wthhhh
[2026-09-08 04:43:14] Sakagi_Ri has left.
[2026-09-08 04:43:17] 127.190.221.119:46501 is connecting...
[2026-09-08 04:43:19] Sakagi_Ri has joined.
[2026-09-08 04:44:04] Saving world data: 2%
[2026-09-08 04:44:04] Saving world data: 4%
[2026-09-08 04:44:04] Saving world data: 9%
[2026-09-08 04:44:04] Saving world data: 13%
[2026-09-08 04:44:04] Saving world data: 17%
[2026-09-08 04:44:04] Saving world data: 22%
[2026-09-08 04:44:04] Saving world data: 26%
[2026-09-08 04:44:04] Saving world data: 29%
[2026-09-08 04:44:04] Saving world data: 32%
[2026-09-08 04:44:04] Saving world data: 35%
[2026-09-08 04:44:04] Saving world data: 38%
[2026-09-08 04:44:04] Saving world data: 41%
[2026-09-08 04:44:04] Saving world data: 44%
[2026-09-08 04:44:04] Saving world data: 47%
[2026-09-08 04:44:04] Saving world data: 50%
[2026-09-08 04:44:04] Saving world data: 53%
[2026-09-08 04:44:04] Saving world data: 56%
[2026-09-08 04:44:04] Saving world data: 59%
[2026-09-08 04:44:04] Saving world data: 62%
[2026-09-08 04:44:04] Saving world data: 66%
[2026-09-08 04:44:04] Saving world data: 70%
[2026-09-08 04:44:04] Saving world data: 74%
[2026-09-08 04:44:04] Saving world data: 78%
[2026-09-08 04:44:04] Saving world data: 82%
[2026-09-08 04:44:04] Saving world data: 86%
[2026-09-08 04:44:04] Saving world data: 90%
[2026-09-08 04:44:04] Saving world data: 94%
[2026-09-08 04:44:04] Saving world data: 97%
[2026-09-08 04:44:04] Saving world data: 100%
[2026-09-08 04:44:04] Validating world save: 18%
[2026-09-08 04:44:04] Validating world save: 35%
[2026-09-08 04:44:04] Validating world save: 48%
[2026-09-08 04:44:04] Validating world save: 61%
[2026-09-08 04:44:04] Validating world save: 76%
[2026-09-08 04:44:04] Validating world save: 91%
[2026-09-08 04:44:04] Backing up world file
[2026-09-08 04:47:59] Sakagi_Ri has left.
[2026-09-08 04:48:02] 127.190.221.119:40997 is connecting...
[2026-09-08 04:48:03] Sakagi_Ri has joined.
[2026-09-08 04:48:29] <Sakagi_Ri> brown
[2026-09-08 04:48:38] <Sakagi_Ri> how many gold you have
[2026-09-08 04:48:46] <Sakagi_Ri> give it to me!!
[2026-09-08 04:51:08] <Brown> key give me a our picaxe
[2026-09-08 04:51:18] <Brown> for i sec
[2026-09-08 04:51:50] <Sakagi_Ri> cannot?
[2026-09-08 04:51:58] <Brown> can't dig jesus
[2026-09-08 04:54:04] Saving world data: 5%
[2026-09-08 04:54:04] Saving world data: 9%
[2026-09-08 04:54:04] Saving world data: 13%
[2026-09-08 04:54:04] Saving world data: 17%
[2026-09-08 04:54:04] Saving world data: 21%
[2026-09-08 04:54:04] Saving world data: 25%
[2026-09-08 04:54:04] Saving world data: 29%
[2026-09-08 04:54:04] Saving world data: 33%
[2026-09-08 04:54:04] Saving world data: 37%
[2026-09-08 04:54:04] Saving world data: 41%
[2026-09-08 04:54:04] Saving world data: 44%
[2026-09-08 04:54:04] Saving world data: 48%
[2026-09-08 04:54:04] Saving world data: 52%
[2026-09-08 04:54:04] Saving world data: 56%
[2026-09-08 04:54:04] Saving world data: 60%
[2026-09-08 04:54:04] Saving world data: 63%
[2026-09-08 04:54:04] Saving world data: 67%
[2026-09-08 04:54:04] Saving world data: 69%
[2026-09-08 04:54:04] Saving world data: 73%
[2026-09-08 04:54:04] Saving world data: 77%
[2026-09-08 04:54:04] Saving world data: 80%
[2026-09-08 04:54:04] Saving world data: 84%
[2026-09-08 04:54:04] Saving world data: 87%
[2026-09-08 04:54:04] Saving world data: 91%
[2026-09-08 04:54:04] Saving world data: 94%
[2026-09-08 04:54:04] Saving world data: 97%
[2026-09-08 04:54:04] Saving world data: 100%
[2026-09-08 04:54:04] Validating world save: 8%
[2026-09-08 04:54:04] Validating world save: 14%
[2026-09-08 04:54:04] Validating world save: 24%
[2026-09-08 04:54:04] Validating world save: 40%
[2026-09-08 04:54:04] Validating world save: 53%
[2026-09-08 04:54:04] Validating world save: 66%
[2026-09-08 04:54:04] Validating world save: 78%
[2026-09-08 04:54:04] Validating world save: 90%
[2026-09-08 04:54:04] Backing up world file
[2026-09-08 05:04:04] Saving world data: 4%
[2026-09-08 05:04:04] Saving world data: 8%
[2026-09-08 05:04:04] Saving world data: 11%
[2026-09-08 05:04:04] Saving world data: 14%
[2026-09-08 05:04:04] Saving world data: 18%
[2026-09-08 05:04:04] Saving world data: 22%
[2026-09-08 05:04:04] Saving world data: 25%
[2026-09-08 05:04:04] Saving world data: 28%
[2026-09-08 05:04:04] Saving world data: 32%
[2026-09-08 05:04:04] Saving world data: 35%
[2026-09-08 05:04:04] Saving world data: 39%
[2026-09-08 05:04:04] Saving world data: 42%
[2026-09-08 05:04:04] Saving world data: 45%
[2026-09-08 05:04:04] Saving world data: 48%
[2026-09-08 05:04:04] Saving world data: 52%
[2026-09-08 05:04:04] Saving world data: 56%
[2026-09-08 05:04:04] Saving world data: 60%
[2026-09-08 05:04:04] Saving world data: 64%
[2026-09-08 05:04:04] Saving world data: 68%
[2026-09-08 05:04:04] Saving world data: 72%
[2026-09-08 05:04:04] Saving world data: 76%
[2026-09-08 05:04:04] Saving world data: 80%
[2026-09-08 05:04:04] Saving world data: 84%
[2026-09-08 05:04:04] Saving world data: 88%
[2026-09-08 05:04:04] Saving world data: 92%
[2026-09-08 05:04:04] Saving world data: 95%
[2026-09-08 05:04:04] Saving world data: 100%
[2026-09-08 05:04:04] Validating world save: 10%
[2026-09-08 05:04:04] Validating world save: 30%
[2026-09-08 05:04:04] Validating world save: 44%
[2026-09-08 05:04:04] Validating world save: 61%
[2026-09-08 05:04:04] Validating world save: 75%
[2026-09-08 05:04:04] Validating world save: 91%
[2026-09-08 05:04:04] Backing up world file
[2026-09-08 05:09:59] <Sakagi_Ri> brown
[2026-09-08 05:10:19] <Sakagi_Ri> give hart stone to may ok?
[2026-09-08 05:10:43] <Brown> go to snow biom?
[2026-09-08 05:10:53] <Brown> if it have mystrill
[2026-09-08 05:11:03] <Sakagi_Ri> if you want
[2026-09-08 05:11:04] <Sakagi_Ri> ok
[2026-09-08 05:11:09] <Sakagi_Ri> go first
[2026-09-08 05:11:16] <Sakagi_Ri> I will teleport
[2026-09-08 05:11:22] <Sakagi_Ri> but
[2026-09-08 05:11:32] <Sakagi_Ri> give hart stone first
[2026-09-08 05:11:46] <Sakagi_Ri> I dropped but you block
[2026-09-08 05:12:11] <Sakagi_Ri> hey
[2026-09-08 05:12:21] <Sakagi_Ri> did you see my chat?
[2026-09-08 05:12:28] <Brown> nope
[2026-09-08 05:12:37] <Sakagi_Ri> gite me hart stone
[2026-09-08 05:12:37] <Brown> don't care
[2026-09-08 05:12:41] <Sakagi_Ri> I drop
[2026-09-08 05:13:16] <Brown> i used sorry
[2026-09-08 05:13:20] <Sakagi_Ri> ...
[2026-09-08 05:13:27] <maybemavis> TwT
[2026-09-08 05:13:35] <Sakagi_Ri> how many its max
[2026-09-08 05:13:36] <Brown> used all 55555555 i think you give me
[2026-09-08 05:13:42] <Sakagi_Ri> NOOOOOOO
[2026-09-08 05:13:44] <maybemavis> TTwTT
[2026-09-08 05:13:46] <Sakagi_Ri> haaaaaaaaaaaaaaaaaaaaaaaaaaaaaaaaaaaaaaaaaaaaaaaaaaaaaaaaaaaaa
[2026-09-08 05:14:02] <maybemavis> i have just 140
[2026-09-08 05:14:04] Saving world data: 2%
[2026-09-08 05:14:04] Saving world data: 5%
[2026-09-08 05:14:04] Saving world data: 9%
[2026-09-08 05:14:04] Saving world data: 14%
[2026-09-08 05:14:04] Saving world data: 18%
[2026-09-08 05:14:04] Saving world data: 23%
[2026-09-08 05:14:04] Saving world data: 27%
[2026-09-08 05:14:04] Saving world data: 32%
[2026-09-08 05:14:04] Saving world data: 36%
[2026-09-08 05:14:04] Saving world data: 39%
[2026-09-08 05:14:04] Saving world data: 43%
[2026-09-08 05:14:04] Saving world data: 47%
[2026-09-08 05:14:04] Saving world data: 51%
[2026-09-08 05:14:04] Saving world data: 56%
[2026-09-08 05:14:04] Saving world data: 59%
[2026-09-08 05:14:04] Saving world data: 63%
[2026-09-08 05:14:04] Saving world data: 67%
[2026-09-08 05:14:04] Saving world data: 71%
[2026-09-08 05:14:04] Saving world data: 75%
[2026-09-08 05:14:04] Saving world data: 79%
[2026-09-08 05:14:04] Saving world data: 83%
[2026-09-08 05:14:04] Saving world data: 87%
[2026-09-08 05:14:04] Saving world data: 91%
[2026-09-08 05:14:04] Saving world data: 95%
[2026-09-08 05:14:04] Saving world data: 97%
[2026-09-08 05:14:04] Saving world data: 100%
[2026-09-08 05:14:04] Validating world save: 13%
[2026-09-08 05:14:04] Validating world save: 29%
[2026-09-08 05:14:04] Validating world save: 42%
[2026-09-08 05:14:04] Validating world save: 54%
[2026-09-08 05:14:04] Validating world save: 68%
[2026-09-08 05:14:04] Validating world save: 81%
[2026-09-08 05:14:04] Validating world save: 94%
[2026-09-08 05:14:04] Backing up world file
[2026-09-08 05:14:07] <maybemavis> TTTwTTT
[2026-09-08 05:14:54] <Brown> i have 400hp
[2026-09-08 05:15:03] <Brown> i think it max
[2026-09-08 05:15:07] <Sakagi_Ri> ok
[2026-09-08 05:15:10] <maybemavis> -[]-
[2026-09-08 05:15:14] <Sakagi_Ri> 555555
[2026-09-08 05:15:26] <maybemavis> =[]=
[2026-09-08 05:15:44] <Sakagi_Ri> after all, I will sleep soon
[2026-09-08 05:20:41] Sakagi_Ri has left.
[2026-09-08 05:20:44] 127.190.221.119:35539 is connecting...
[2026-09-08 05:20:45] Sakagi_Ri has joined.
[2026-09-08 05:24:04] Saving world data: 5%
[2026-09-08 05:24:04] Saving world data: 9%
[2026-09-08 05:24:04] Saving world data: 13%
[2026-09-08 05:24:04] Saving world data: 18%
[2026-09-08 05:24:04] Saving world data: 22%
[2026-09-08 05:24:04] Saving world data: 26%
[2026-09-08 05:24:04] Saving world data: 30%
[2026-09-08 05:24:04] Saving world data: 34%
[2026-09-08 05:24:04] Saving world data: 38%
[2026-09-08 05:24:04] Saving world data: 41%
[2026-09-08 05:24:04] Saving world data: 45%
[2026-09-08 05:24:04] Saving world data: 48%
[2026-09-08 05:24:04] Saving world data: 52%
[2026-09-08 05:24:04] Saving world data: 57%
[2026-09-08 05:24:04] Saving world data: 61%
[2026-09-08 05:24:04] Saving world data: 64%
[2026-09-08 05:24:04] Saving world data: 68%
[2026-09-08 05:24:04] Saving world data: 72%
[2026-09-08 05:24:04] Saving world data: 76%
[2026-09-08 05:24:04] Saving world data: 80%
[2026-09-08 05:24:04] Saving world data: 83%
[2026-09-08 05:24:04] Saving world data: 88%
[2026-09-08 05:24:04] Saving world data: 92%
[2026-09-08 05:24:04] Saving world data: 96%
[2026-09-08 05:24:04] Saving world data: 99%
[2026-09-08 05:24:04] Saving world data: 100%
[2026-09-08 05:24:04] Validating world save: 7%
[2026-09-08 05:24:04] Validating world save: 27%
[2026-09-08 05:24:04] Validating world save: 41%
[2026-09-08 05:24:04] Validating world save: 55%
[2026-09-08 05:24:04] Validating world save: 65%
[2026-09-08 05:24:04] Validating world save: 79%
[2026-09-08 05:24:04] Validating world save: 93%
[2026-09-08 05:24:04] Backing up world file
[2026-09-08 05:25:09] <Sakagi_Ri> how I can get that wepon for see map
[2026-09-08 05:34:04] Saving world data: 4%
[2026-09-08 05:34:04] Saving world data: 7%
[2026-09-08 05:34:04] Saving world data: 11%
[2026-09-08 05:34:04] Saving world data: 14%
[2026-09-08 05:34:04] Saving world data: 17%
[2026-09-08 05:34:04] Saving world data: 21%
[2026-09-08 05:34:04] Saving world data: 24%
[2026-09-08 05:34:04] Saving world data: 27%
[2026-09-08 05:34:04] Saving world data: 31%
[2026-09-08 05:34:04] Saving world data: 34%
[2026-09-08 05:34:04] Saving world data: 37%
[2026-09-08 05:34:04] Saving world data: 40%
[2026-09-08 05:34:04] Saving world data: 43%
[2026-09-08 05:34:04] Saving world data: 46%
[2026-09-08 05:34:04] Saving world data: 49%
[2026-09-08 05:34:04] Saving world data: 52%
[2026-09-08 05:34:04] Saving world data: 55%
[2026-09-08 05:34:04] Saving world data: 58%
[2026-09-08 05:34:04] Saving world data: 62%
[2026-09-08 05:34:04] Saving world data: 64%
[2026-09-08 05:34:04] Saving world data: 67%
[2026-09-08 05:34:04] Saving world data: 71%
[2026-09-08 05:34:04] Saving world data: 74%
[2026-09-08 05:34:04] Saving world data: 77%
[2026-09-08 05:34:04] Saving world data: 80%
[2026-09-08 05:34:04] Saving world data: 83%
[2026-09-08 05:34:04] Saving world data: 86%
[2026-09-08 05:34:04] Saving world data: 89%
[2026-09-08 05:34:04] Saving world data: 92%
[2026-09-08 05:34:04] Saving world data: 96%
[2026-09-08 05:34:04] Saving world data: 98%
[2026-09-08 05:34:04] Saving world data: 100%
[2026-09-08 05:34:04] Validating world save: 14%
[2026-09-08 05:34:05] Validating world save: 30%
[2026-09-08 05:34:05] Validating world save: 42%
[2026-09-08 05:34:05] Validating world save: 56%
[2026-09-08 05:34:05] Validating world save: 68%
[2026-09-08 05:34:05] Validating world save: 79%
[2026-09-08 05:34:05] Validating world save: 92%
[2026-09-08 05:34:05] Backing up world file
[2026-09-08 05:35:23] <Sakagi_Ri> I think you should teleport to me
[2026-09-08 05:36:15] <Brown> ok this world have mythill now
[2026-09-08 05:37:28] <Brown> i want your picaxe
[2026-09-08 05:37:44] <Brown> to dig mythill
[2026-09-08 05:37:46] Sakagi_Ri has left.
[2026-09-08 05:37:50] 127.190.221.119:45595 is connecting...
[2026-09-08 05:37:51] Sakagi_Ri has joined.
[2026-09-08 05:38:28] <Sakagi_Ri> I have no teleport potion
[2026-09-08 05:38:56] <Sakagi_Ri> I have to go sleep now]
[2026-09-08 05:39:00] <Sakagi_Ri> see 
[2026-09-08 05:39:04] <Sakagi_Ri> u
[2026-09-08 05:39:15] <Brown> same see ya
[2026-09-08 05:39:38] <Sakagi_Ri> and
[2026-09-08 05:39:48] <Sakagi_Ri> you want me to shutdow server?
[2026-09-08 05:39:54] <Sakagi_Ri> or not?
[2026-09-08 05:39:55] <Brown> don't
[2026-09-08 05:39:58] <Sakagi_Ri> kk
[2026-09-08 05:40:19] <Sakagi_Ri> see ya
[2026-09-08 05:40:25] Sakagi_Ri has left.
[2026-09-08 05:44:04] Saving world data: 2%
[2026-09-08 05:44:04] Saving world data: 4%
[2026-09-08 05:44:04] Saving world data: 8%
[2026-09-08 05:44:04] Saving world data: 12%
[2026-09-08 05:44:04] Saving world data: 16%
[2026-09-08 05:44:04] Saving world data: 20%
[2026-09-08 05:44:04] Saving world data: 24%
[2026-09-08 05:44:04] Saving world data: 28%
[2026-09-08 05:44:04] Saving world data: 32%
[2026-09-08 05:44:04] Saving world data: 36%
[2026-09-08 05:44:04] Saving world data: 40%
[2026-09-08 05:44:04] Saving world data: 43%
[2026-09-08 05:44:04] Saving world data: 47%
[2026-09-08 05:44:04] Saving world data: 50%
[2026-09-08 05:44:04] Saving world data: 54%
[2026-09-08 05:44:04] Saving world data: 58%
[2026-09-08 05:44:04] Saving world data: 61%
[2026-09-08 05:44:04] Saving world data: 64%
[2026-09-08 05:44:04] Saving world data: 68%
[2026-09-08 05:44:04] Saving world data: 72%
[2026-09-08 05:44:04] Saving world data: 76%
[2026-09-08 05:44:04] Saving world data: 80%
[2026-09-08 05:44:04] Saving world data: 83%
[2026-09-08 05:44:04] Saving world data: 88%
[2026-09-08 05:44:04] Saving world data: 92%
[2026-09-08 05:44:04] Saving world data: 95%
[2026-09-08 05:44:04] Saving world data: 99%
[2026-09-08 05:44:04] Saving world data: 100%
[2026-09-08 05:44:04] Validating world save: 16%
[2026-09-08 05:44:04] Validating world save: 36%
[2026-09-08 05:44:04] Validating world save: 50%
[2026-09-08 05:44:05] Validating world save: 63%
[2026-09-08 05:44:05] Validating world save: 74%
[2026-09-08 05:44:05] Validating world save: 89%
[2026-09-08 05:44:05] Backing up world file
[2026-09-08 05:54:04] Saving world data: 5%
[2026-09-08 05:54:04] Saving world data: 9%
[2026-09-08 05:54:04] Saving world data: 13%
[2026-09-08 05:54:04] Saving world data: 17%
[2026-09-08 05:54:04] Saving world data: 21%
[2026-09-08 05:54:04] Saving world data: 25%
[2026-09-08 05:54:04] Saving world data: 29%
[2026-09-08 05:54:04] Saving world data: 34%
[2026-09-08 05:54:04] Saving world data: 38%
[2026-09-08 05:54:04] Saving world data: 41%
[2026-09-08 05:54:04] Saving world data: 45%
[2026-09-08 05:54:04] Saving world data: 50%
[2026-09-08 05:54:04] Saving world data: 54%
[2026-09-08 05:54:04] Saving world data: 58%
[2026-09-08 05:54:04] Saving world data: 62%
[2026-09-08 05:54:04] Saving world data: 66%
[2026-09-08 05:54:04] Saving world data: 69%
[2026-09-08 05:54:04] Saving world data: 73%
[2026-09-08 05:54:04] Saving world data: 77%
[2026-09-08 05:54:04] Saving world data: 81%
[2026-09-08 05:54:04] Saving world data: 85%
[2026-09-08 05:54:04] Saving world data: 89%
[2026-09-08 05:54:04] Saving world data: 93%
[2026-09-08 05:54:04] Saving world data: 96%
[2026-09-08 05:54:04] Saving world data: 100%
[2026-09-08 05:54:04] Validating world save: 9%
[2026-09-08 05:54:04] Validating world save: 28%
[2026-09-08 05:54:04] Validating world save: 43%
[2026-09-08 05:54:04] Validating world save: 58%
[2026-09-08 05:54:04] Validating world save: 71%
[2026-09-08 05:54:04] Validating world save: 85%
[2026-09-08 05:54:04] Backing up world file
[2026-09-08 06:00:18] maybemavis has left.
[2026-09-08 06:04:04] Saving world data: 5%
[2026-09-08 06:04:04] Saving world data: 9%
[2026-09-08 06:04:04] Saving world data: 14%
[2026-09-08 06:04:04] Saving world data: 18%
[2026-09-08 06:04:04] Saving world data: 22%
[2026-09-08 06:04:04] Saving world data: 26%
[2026-09-08 06:04:04] Saving world data: 31%
[2026-09-08 06:04:04] Saving world data: 35%
[2026-09-08 06:04:04] Saving world data: 39%
[2026-09-08 06:04:04] Saving world data: 42%
[2026-09-08 06:04:04] Saving world data: 46%
[2026-09-08 06:04:04] Saving world data: 50%
[2026-09-08 06:04:04] Saving world data: 54%
[2026-09-08 06:04:04] Saving world data: 58%
[2026-09-08 06:04:04] Saving world data: 62%
[2026-09-08 06:04:04] Saving world data: 66%
[2026-09-08 06:04:04] Saving world data: 70%
[2026-09-08 06:04:04] Saving world data: 72%
[2026-09-08 06:04:04] Saving world data: 75%
[2026-09-08 06:04:04] Saving world data: 79%
[2026-09-08 06:04:04] Saving world data: 83%
[2026-09-08 06:04:04] Saving world data: 87%
[2026-09-08 06:04:04] Saving world data: 91%
[2026-09-08 06:04:04] Saving world data: 95%
[2026-09-08 06:04:04] Saving world data: 98%
[2026-09-08 06:04:04] Saving world data: 100%
[2026-09-08 06:04:04] Validating world save: 3%
[2026-09-08 06:04:04] Validating world save: 22%
[2026-09-08 06:04:04] Validating world save: 39%
[2026-09-08 06:04:04] Validating world save: 52%
[2026-09-08 06:04:04] Validating world save: 66%
[2026-09-08 06:04:04] Validating world save: 80%
[2026-09-08 06:04:04] Validating world save: 94%
[2026-09-08 06:04:05] Backing up world file
[2026-09-08 06:14:04] Saving world data: 5%
[2026-09-08 06:14:04] Saving world data: 9%
[2026-09-08 06:14:04] Saving world data: 13%
[2026-09-08 06:14:04] Saving world data: 17%
[2026-09-08 06:14:04] Saving world data: 22%
[2026-09-08 06:14:04] Saving world data: 26%
[2026-09-08 06:14:04] Saving world data: 29%
[2026-09-08 06:14:04] Saving world data: 34%
[2026-09-08 06:14:04] Saving world data: 38%
[2026-09-08 06:14:04] Saving world data: 42%
[2026-09-08 06:14:04] Saving world data: 46%
[2026-09-08 06:14:04] Saving world data: 51%
[2026-09-08 06:14:04] Saving world data: 55%
[2026-09-08 06:14:04] Saving world data: 59%
[2026-09-08 06:14:04] Saving world data: 63%
[2026-09-08 06:14:04] Saving world data: 67%
[2026-09-08 06:14:04] Saving world data: 71%
[2026-09-08 06:14:04] Saving world data: 75%
[2026-09-08 06:14:04] Saving world data: 79%
[2026-09-08 06:14:04] Saving world data: 83%
[2026-09-08 06:14:04] Saving world data: 87%
[2026-09-08 06:14:04] Saving world data: 91%
[2026-09-08 06:14:04] Saving world data: 94%
[2026-09-08 06:14:04] Saving world data: 96%
[2026-09-08 06:14:04] Saving world data: 100%
[2026-09-08 06:14:04] Validating world save: 4%
[2026-09-08 06:14:04] Validating world save: 21%
[2026-09-08 06:14:04] Validating world save: 37%
[2026-09-08 06:14:04] Validating world save: 48%
[2026-09-08 06:14:04] Validating world save: 62%
[2026-09-08 06:14:04] Validating world save: 74%
[2026-09-08 06:14:04] Validating world save: 87%
[2026-09-08 06:14:05] Backing up world file
[2026-09-08 06:24:04] Saving world data: 5%
[2026-09-08 06:24:04] Saving world data: 9%
[2026-09-08 06:24:04] Saving world data: 13%
[2026-09-08 06:24:04] Saving world data: 17%
[2026-09-08 06:24:04] Saving world data: 22%
[2026-09-08 06:24:04] Saving world data: 26%
[2026-09-08 06:24:04] Saving world data: 30%
[2026-09-08 06:24:04] Saving world data: 34%
[2026-09-08 06:24:04] Saving world data: 38%
[2026-09-08 06:24:04] Saving world data: 42%
[2026-09-08 06:24:04] Saving world data: 45%
[2026-09-08 06:24:04] Saving world data: 49%
[2026-09-08 06:24:04] Saving world data: 54%
[2026-09-08 06:24:04] Saving world data: 58%
[2026-09-08 06:24:04] Saving world data: 61%
[2026-09-08 06:24:04] Saving world data: 65%
[2026-09-08 06:24:04] Saving world data: 69%
[2026-09-08 06:24:04] Saving world data: 73%
[2026-09-08 06:24:04] Saving world data: 77%
[2026-09-08 06:24:04] Saving world data: 80%
[2026-09-08 06:24:04] Saving world data: 84%
[2026-09-08 06:24:04] Saving world data: 88%
[2026-09-08 06:24:04] Saving world data: 93%
[2026-09-08 06:24:04] Saving world data: 96%
[2026-09-08 06:24:04] Saving world data: 100%
[2026-09-08 06:24:04] Validating world save: 14%
[2026-09-08 06:24:04] Validating world save: 34%
[2026-09-08 06:24:04] Validating world save: 47%
[2026-09-08 06:24:04] Validating world save: 63%
[2026-09-08 06:24:04] Validating world save: 77%
[2026-09-08 06:24:04] Validating world save: 91%
[2026-09-08 06:24:04] Backing up world file
[2026-09-08 06:34:04] Saving world data: 5%
[2026-09-08 06:34:04] Saving world data: 9%
[2026-09-08 06:34:04] Saving world data: 13%
[2026-09-08 06:34:04] Saving world data: 16%
[2026-09-08 06:34:04] Saving world data: 21%
[2026-09-08 06:34:04] Saving world data: 25%
[2026-09-08 06:34:04] Saving world data: 29%
[2026-09-08 06:34:04] Saving world data: 33%
[2026-09-08 06:34:04] Saving world data: 37%
[2026-09-08 06:34:04] Saving world data: 40%
[2026-09-08 06:34:04] Saving world data: 44%
[2026-09-08 06:34:04] Saving world data: 47%
[2026-09-08 06:34:04] Saving world data: 51%
[2026-09-08 06:34:04] Saving world data: 55%
[2026-09-08 06:34:04] Saving world data: 59%
[2026-09-08 06:34:04] Saving world data: 62%
[2026-09-08 06:34:04] Saving world data: 66%
[2026-09-08 06:34:04] Saving world data: 69%
[2026-09-08 06:34:04] Saving world data: 73%
[2026-09-08 06:34:04] Saving world data: 77%
[2026-09-08 06:34:04] Saving world data: 80%
[2026-09-08 06:34:04] Saving world data: 84%
[2026-09-08 06:34:04] Saving world data: 88%
[2026-09-08 06:34:04] Saving world data: 92%
[2026-09-08 06:34:04] Saving world data: 95%
[2026-09-08 06:34:04] Saving world data: 99%
[2026-09-08 06:34:04] Saving world data: 100%
[2026-09-08 06:34:04] Validating world save: 5%
[2026-09-08 06:34:04] Validating world save: 23%
[2026-09-08 06:34:04] Validating world save: 37%
[2026-09-08 06:34:04] Validating world save: 50%
[2026-09-08 06:34:04] Validating world save: 64%
[2026-09-08 06:34:04] Validating world save: 78%
[2026-09-08 06:34:05] Validating world save: 92%
[2026-09-08 06:34:05] Backing up world file
[2026-09-08 06:38:21] Brown has left.
[2026-09-08 06:38:21] Saving world data: 5%
[2026-09-08 06:38:21] Saving world data: 11%
[2026-09-08 06:38:21] Saving world data: 16%
[2026-09-08 06:38:21] Saving world data: 22%
[2026-09-08 06:38:21] Saving world data: 26%
[2026-09-08 06:38:21] Saving world data: 32%
[2026-09-08 06:38:21] Saving world data: 36%
[2026-09-08 06:38:21] Saving world data: 41%
[2026-09-08 06:38:21] Saving world data: 45%
[2026-09-08 06:38:21] Saving world data: 51%
[2026-09-08 06:38:21] Saving world data: 56%
[2026-09-08 06:38:21] Saving world data: 61%
[2026-09-08 06:38:21] Saving world data: 65%
[2026-09-08 06:38:21] Saving world data: 70%
[2026-09-08 06:38:21] Saving world data: 75%
[2026-09-08 06:38:21] Saving world data: 80%
[2026-09-08 06:38:21] Saving world data: 84%
[2026-09-08 06:38:21] Saving world data: 91%
[2026-09-08 06:38:21] Saving world data: 95%
[2026-09-08 06:38:21] Saving world data: 100%
[2026-09-08 06:38:21] Validating world save: 17%
[2026-09-08 06:38:21] Validating world save: 39%
[2026-09-08 06:38:21] Validating world save: 60%
[2026-09-08 06:38:21] Validating world save: 78%
[2026-09-08 06:38:21] Validating world save: 97%
[2026-09-08 06:38:21] Backing up world file
[2026-09-08 06:43:21] 127.232.132.6:59521 is connecting...
[2026-09-08 06:43:22] Brown has joined.
[2026-09-08 06:47:27] Brown has left.
[2026-09-08 06:47:27] Saving world data: 5%
[2026-09-08 06:47:27] Saving world data: 11%
[2026-09-08 06:47:27] Saving world data: 16%
[2026-09-08 06:47:27] Saving world data: 23%
[2026-09-08 06:47:27] Saving world data: 27%
[2026-09-08 06:47:27] Saving world data: 34%
[2026-09-08 06:47:27] Saving world data: 38%
[2026-09-08 06:47:27] Saving world data: 44%
[2026-09-08 06:47:27] Saving world data: 48%
[2026-09-08 06:47:27] Saving world data: 54%
[2026-09-08 06:47:27] Saving world data: 58%
[2026-09-08 06:47:27] Saving world data: 64%
[2026-09-08 06:47:27] Saving world data: 68%
[2026-09-08 06:47:28] Saving world data: 73%
[2026-09-08 06:47:28] Saving world data: 77%
[2026-09-08 06:47:28] Saving world data: 83%
[2026-09-08 06:47:28] Saving world data: 87%
[2026-09-08 06:47:28] Saving world data: 93%
[2026-09-08 06:47:28] Saving world data: 97%
[2026-09-08 06:47:28] Saving world data: 100%
[2026-09-08 06:47:28] Validating world save: 6%
[2026-09-08 06:47:28] Validating world save: 34%
[2026-09-08 06:47:28] Validating world save: 48%
[2026-09-08 06:47:28] Validating world save: 71%
[2026-09-08 06:47:28] Validating world save: 85%
[2026-09-08 06:47:28] Backing up world file
